snapshot_id,account_id,snapshot_date,split,label,baseline_score
A102114_2025-01-31,A102114,2025-01-31,train,0,0.037198
A102300_2025-01-31,A102300,2025-01-31,train,0,0.035685
A101357_2025-01-31,A101357,2025-01-31,train,0,0.034394
A100226_2025-01-31,A100226,2025-01-31,train,0,0.032441
A100186_2025-01-31,A100186,2025-01-31,train,0,0.037465
A100676_2025-01-31,A100676,2025-01-31,train,0,0.037720
A101657_2025-01-31,A101657,2025-01-31,train,0,0.033158
A100412_2025-01-31,A100412,2025-01-31,train,0,0.037569
A100019_2025-01-31,A100019,2025-01-31,train,0,0.034646
A101160_2025-01-31,A101160,2025-01-31,train,0,0.034874
A101043_2025-01-31,A101043,2025-01-31,train,0,0.035828
A100242_2025-01-31,A100242,2025-01-31,train,0,0.033572
A100123_2025-01-31,A100123,2025-01-31,train,0,0.035967
A102067_2025-01-31,A102067,2025-01-31,train,0,0.036015
A100043_2025-01-31,A100043,2025-01-31,train,1,0.038217
A101685_2025-01-31,A101685,2025-01-31,train,0,0.037196
A100254_2025-01-31,A100254,2025-01-31,train,0,0.032434
A101818_2025-01-31,A101818,2025-01-31,train,0,0.039428
A101054_2025-01-31,A101054,2025-01-31,train,0,0.218538
A102034_2025-01-31,A102034,2025-01-31,train,0,0.067554
A100315_2025-01-31,A100315,2025-01-31,train,0,0.326557
A100737_2025-01-31,A100737,2025-01-31,train,0,0.035328
A101248_2025-01-31,A101248,2025-01-31,train,0,0.038516
A102056_2025-01-31,A102056,2025-01-31,train,0,0.035314
A101213_2025-01-31,A101213,2025-01-31,train,0,0.178853
A100566_2025-01-31,A100566,2025-01-31,train,0,0.187314
A100274_2025-01-31,A100274,2025-01-31,train,0,0.033251
A101559_2025-01-31,A101559,2025-01-31,train,0,0.035136
A101076_2025-01-31,A101076,2025-01-31,train,0,0.034349
A101973_2025-01-31,A101973,2025-01-31,train,0,0.033926
A100937_2025-01-31,A100937,2025-01-31,train,0,0.036573
A100864_2025-01-31,A100864,2025-01-31,train,0,0.036609
A102069_2025-01-31,A102069,2025-01-31,train,0,0.040494
A101518_2025-01-31,A101518,2025-01-31,train,0,0.034302
A100938_2025-01-31,A100938,2025-01-31,train,0,0.035060
A100992_2025-01-31,A100992,2025-01-31,train,0,0.033788
A100300_2025-01-31,A100300,2025-01-31,train,0,0.036859
A100040_2025-01-31,A100040,2025-01-31,train,0,0.036208
A100517_2025-01-31,A100517,2025-01-31,train,0,0.037370
A101919_2025-01-31,A101919,2025-01-31,train,1,0.201452
A100446_2025-01-31,A100446,2025-01-31,train,0,0.037283
A102018_2025-01-31,A102018,2025-01-31,train,0,0.032473
A102423_2025-01-31,A102423,2025-01-31,train,0,0.034339
A101938_2025-01-31,A101938,2025-01-31,train,0,0.032271
A100101_2025-01-31,A100101,2025-01-31,train,0,0.312545
A102292_2025-01-31,A102292,2025-01-31,train,0,0.035711
A101489_2025-01-31,A101489,2025-01-31,train,0,0.034702
A101475_2025-01-31,A101475,2025-01-31,train,0,0.033289
A101032_2025-01-31,A101032,2025-01-31,train,0,0.035188
A100486_2025-01-31,A100486,2025-01-31,train,0,0.032496
A100529_2025-01-31,A100529,2025-01-31,train,0,0.037301
A101689_2025-01-31,A101689,2025-01-31,train,0,0.036567
A101299_2025-01-31,A101299,2025-01-31,train,0,0.037459
A100620_2025-01-31,A100620,2025-01-31,train,0,0.033295
A101545_2025-01-31,A101545,2025-01-31,train,0,0.038752
A100941_2025-01-31,A100941,2025-01-31,train,0,0.066009
A102111_2025-02-28,A102111,2025-02-28,train,0,0.035399
A101848_2025-02-28,A101848,2025-02-28,train,0,0.037848
A101176_2025-02-28,A101176,2025-02-28,train,1,0.596824
A101988_2025-02-28,A101988,2025-02-28,train,0,0.033300
A101701_2025-02-28,A101701,2025-02-28,train,0,0.033566
A100723_2025-02-28,A100723,2025-02-28,train,0,0.035414
A101920_2025-02-28,A101920,2025-02-28,train,0,0.035190
A102497_2025-02-28,A102497,2025-02-28,train,0,0.034936
A100591_2025-02-28,A100591,2025-02-28,train,0,0.035887
A100358_2025-02-28,A100358,2025-02-28,train,0,0.036922
A101727_2025-02-28,A101727,2025-02-28,train,0,0.037850
A100215_2025-02-28,A100215,2025-02-28,train,0,0.068071
A101293_2025-02-28,A101293,2025-02-28,train,0,0.035974
A100208_2025-02-28,A100208,2025-02-28,train,0,0.032785
A101980_2025-02-28,A101980,2025-02-28,train,0,0.035349
A100191_2025-02-28,A100191,2025-02-28,train,0,0.039634
A101651_2025-02-28,A101651,2025-02-28,train,1,0.068218
A100536_2025-02-28,A100536,2025-02-28,train,0,0.033859
A102493_2025-02-28,A102493,2025-02-28,train,0,0.035472
A102461_2025-02-28,A102461,2025-02-28,train,0,0.117668
A100727_2025-02-28,A100727,2025-02-28,train,0,0.207148
A101522_2025-02-28,A101522,2025-02-28,train,0,0.035387
A101977_2025-02-28,A101977,2025-02-28,train,0,0.033357
A102277_2025-02-28,A102277,2025-02-28,train,0,0.185819
A100374_2025-02-28,A100374,2025-02-28,train,0,0.066957
A100138_2025-02-28,A100138,2025-02-28,train,0,0.033487
A102017_2025-02-28,A102017,2025-02-28,train,0,0.040385
A100886_2025-02-28,A100886,2025-02-28,train,0,0.036596
A100073_2025-02-28,A100073,2025-02-28,train,0,0.033130
A101879_2025-02-28,A101879,2025-02-28,train,0,0.183394
A100926_2025-02-28,A100926,2025-02-28,train,1,0.316151
A100003_2025-02-28,A100003,2025-02-28,train,1,0.039651
A101318_2025-02-28,A101318,2025-02-28,train,0,0.196409
A102295_2025-02-28,A102295,2025-02-28,train,0,0.033600
A102222_2025-02-28,A102222,2025-02-28,train,0,0.064164
A102328_2025-02-28,A102328,2025-02-28,train,0,0.035330
A101918_2025-02-28,A101918,2025-02-28,train,0,0.037959
A100604_2025-02-28,A100604,2025-02-28,train,0,0.034196
A101209_2025-02-28,A101209,2025-02-28,train,1,0.067568
A100911_2025-02-28,A100911,2025-02-28,train,0,0.416233
A100519_2025-02-28,A100519,2025-02-28,train,0,0.033304
A100864_2025-02-28,A100864,2025-02-28,train,0,0.037760
A101524_2025-02-28,A101524,2025-02-28,train,0,0.032564
A102184_2025-02-28,A102184,2025-02-28,train,0,0.034546
A101000_2025-02-28,A101000,2025-02-28,train,0,0.034542
A101407_2025-02-28,A101407,2025-02-28,train,0,0.260929
A101991_2025-02-28,A101991,2025-02-28,train,0,0.032612
A101901_2025-02-28,A101901,2025-02-28,train,1,0.127601
A101899_2025-02-28,A101899,2025-02-28,train,0,0.033508
A101313_2025-02-28,A101313,2025-02-28,train,0,0.037626
A100563_2025-02-28,A100563,2025-02-28,train,0,0.186461
A101333_2025-02-28,A101333,2025-02-28,train,0,0.036422
A101550_2025-02-28,A101550,2025-02-28,train,0,0.035508
A100886_2025-02-28,A100886,2025-02-28,train,0,0.036383
A101502_2025-02-28,A101502,2025-02-28,train,1,0.161649
A100841_2025-02-28,A100841,2025-02-28,train,0,0.037201
A101009_2025-02-28,A101009,2025-02-28,train,0,0.033350
A102169_2025-02-28,A102169,2025-02-28,train,0,0.332950
A102476_2025-02-28,A102476,2025-02-28,train,0,0.035164
A100804_2025-02-28,A100804,2025-02-28,train,0,0.034149
A101677_2025-02-28,A101677,2025-02-28,train,0,0.032848
A101228_2025-02-28,A101228,2025-02-28,train,0,0.036050
A102231_2025-02-28,A102231,2025-02-28,train,0,0.032121
A100323_2025-02-28,A100323,2025-02-28,train,0,0.035618
A100153_2025-03-31,A100153,2025-03-31,train,0,0.033360
A100999_2025-03-31,A100999,2025-03-31,train,0,0.040374
A100266_2025-03-31,A100266,2025-03-31,train,1,0.032761
A101640_2025-03-31,A101640,2025-03-31,train,0,0.155062
A101276_2025-03-31,A101276,2025-03-31,train,0,0.032504
A100863_2025-03-31,A100863,2025-03-31,train,0,0.034469
A101524_2025-03-31,A101524,2025-03-31,train,0,0.035648
A101873_2025-03-31,A101873,2025-03-31,train,0,0.033325
A100463_2025-03-31,A100463,2025-03-31,train,0,0.193371
A102440_2025-03-31,A102440,2025-03-31,train,0,0.038721
A101278_2025-03-31,A101278,2025-03-31,train,0,0.041310
A101905_2025-03-31,A101905,2025-03-31,train,0,0.033918
A100174_2025-03-31,A100174,2025-03-31,train,0,0.177110
A102282_2025-03-31,A102282,2025-03-31,train,0,0.031997
A101945_2025-03-31,A101945,2025-03-31,train,0,0.035927
A102442_2025-03-31,A102442,2025-03-31,train,0,0.036431
A100593_2025-03-31,A100593,2025-03-31,train,0,0.032729
A101992_2025-03-31,A101992,2025-03-31,train,0,0.035293
A100903_2025-03-31,A100903,2025-03-31,train,0,0.037258
A101562_2025-03-31,A101562,2025-03-31,train,0,0.032262
A100042_2025-03-31,A100042,2025-03-31,train,0,0.033588
A102029_2025-03-31,A102029,2025-03-31,train,0,0.037344
A101597_2025-03-31,A101597,2025-03-31,train,0,0.034366
A101022_2025-03-31,A101022,2025-03-31,train,0,0.036066
A102380_2025-03-31,A102380,2025-03-31,train,0,0.264489
A100145_2025-03-31,A100145,2025-03-31,train,1,0.034289
A100578_2025-03-31,A100578,2025-03-31,train,0,0.037032
A101394_2025-03-31,A101394,2025-03-31,train,0,0.034784
A100063_2025-03-31,A100063,2025-03-31,train,0,0.036469
A100917_2025-03-31,A100917,2025-03-31,train,0,0.180881
A101319_2025-03-31,A101319,2025-03-31,train,0,0.039480
A101063_2025-03-31,A101063,2025-03-31,train,1,0.036059
A100832_2025-03-31,A100832,2025-03-31,train,0,0.034409
A101221_2025-03-31,A101221,2025-03-31,train,0,0.038134
A101445_2025-03-31,A101445,2025-03-31,train,0,0.168370
A100474_2025-03-31,A100474,2025-03-31,train,0,0.034522
A101704_2025-03-31,A101704,2025-03-31,train,0,0.036016
A102113_2025-03-31,A102113,2025-03-31,train,0,0.037621
A100996_2025-03-31,A100996,2025-03-31,train,1,0.034821
A100009_2025-03-31,A100009,2025-03-31,train,0,0.031947
A102201_2025-03-31,A102201,2025-03-31,train,0,0.130620
A100088_2025-03-31,A100088,2025-03-31,train,1,0.068187
A101720_2025-03-31,A101720,2025-03-31,train,0,0.032179
A100669_2025-03-31,A100669,2025-03-31,train,0,0.114022
A101000_2025-03-31,A101000,2025-03-31,train,0,0.063861
A100061_2025-03-31,A100061,2025-03-31,train,0,0.319625
A101448_2025-03-31,A101448,2025-03-31,train,0,0.033057
A100672_2025-03-31,A100672,2025-03-31,train,0,0.036447
A101231_2025-03-31,A101231,2025-03-31,train,0,0.035302
A100022_2025-03-31,A100022,2025-03-31,train,0,0.035036
A102243_2025-03-31,A102243,2025-03-31,train,0,0.035453
A100883_2025-03-31,A100883,2025-03-31,train,0,0.038666
A101477_2025-03-31,A101477,2025-03-31,train,1,0.033300
A100588_2025-03-31,A100588,2025-03-31,train,0,0.036226
A100267_2025-03-31,A100267,2025-03-31,train,0,0.034309
A100518_2025-03-31,A100518,2025-03-31,train,0,0.037969
A101982_2025-03-31,A101982,2025-03-31,train,0,0.035872
A102312_2025-03-31,A102312,2025-03-31,train,0,0.035876
A100040_2025-03-31,A100040,2025-03-31,train,0,0.034268
A100749_2025-03-31,A100749,2025-03-31,train,0,0.033014
A102084_2025-03-31,A102084,2025-03-31,train,1,0.032565
A102280_2025-03-31,A102280,2025-03-31,train,0,0.031987
A101496_2025-03-31,A101496,2025-03-31,train,0,0.037145
A100526_2025-03-31,A100526,2025-03-31,train,0,0.036358
A100617_2025-03-31,A100617,2025-03-31,train,0,0.037825
A100170_2025-03-31,A100170,2025-03-31,train,0,0.035522
A101459_2025-03-31,A101459,2025-03-31,train,0,0.035762
A102373_2025-03-31,A102373,2025-03-31,train,0,0.034852
A101298_2025-03-31,A101298,2025-03-31,train,0,0.038888
A100321_2025-03-31,A100321,2025-03-31,train,0,0.194091
A100098_2025-03-31,A100098,2025-03-31,train,0,0.034735
A101376_2025-03-31,A101376,2025-03-31,train,0,0.064962
A100416_2025-03-31,A100416,2025-03-31,train,0,0.182866
A102270_2025-03-31,A102270,2025-03-31,train,0,0.067207
A100294_2025-03-31,A100294,2025-03-31,train,0,0.033432
A101633_2025-03-31,A101633,2025-03-31,train,1,0.034113
A101731_2025-03-31,A101731,2025-03-31,train,0,0.034628
A100619_2025-04-30,A100619,2025-04-30,train,0,0.034921
A102060_2025-04-30,A102060,2025-04-30,train,0,0.036924
A100025_2025-04-30,A100025,2025-04-30,train,0,0.498011
A101624_2025-04-30,A101624,2025-04-30,train,1,0.319004
A100274_2025-04-30,A100274,2025-04-30,train,0,0.036659
A100271_2025-04-30,A100271,2025-04-30,train,0,0.032552
A102006_2025-04-30,A102006,2025-04-30,train,0,0.036669
A101796_2025-04-30,A101796,2025-04-30,train,0,0.037706
A100787_2025-04-30,A100787,2025-04-30,train,0,0.035691
A102019_2025-04-30,A102019,2025-04-30,train,0,0.037400
A102171_2025-04-30,A102171,2025-04-30,train,0,0.038269
A101628_2025-04-30,A101628,2025-04-30,train,0,0.036094
A102086_2025-04-30,A102086,2025-04-30,train,0,0.066588
A102159_2025-04-30,A102159,2025-04-30,train,0,0.036589
A101069_2025-04-30,A101069,2025-04-30,train,0,0.033325
A102077_2025-04-30,A102077,2025-04-30,train,0,0.036279
A100825_2025-04-30,A100825,2025-04-30,train,0,0.160409
A100812_2025-04-30,A100812,2025-04-30,train,0,0.033903
A101827_2025-04-30,A101827,2025-04-30,train,0,0.284514
A102122_2025-04-30,A102122,2025-04-30,train,0,0.316244
A101684_2025-04-30,A101684,2025-04-30,train,0,0.037141
A101375_2025-04-30,A101375,2025-04-30,train,0,0.034275
A100426_2025-04-30,A100426,2025-04-30,train,0,0.033028
A101757_2025-04-30,A101757,2025-04-30,train,0,0.036529
A100415_2025-04-30,A100415,2025-04-30,train,0,0.035884
A101822_2025-04-30,A101822,2025-04-30,train,0,0.036607
A101540_2025-04-30,A101540,2025-04-30,train,0,0.034285
A100869_2025-04-30,A100869,2025-04-30,train,0,0.036374
A101301_2025-04-30,A101301,2025-04-30,train,0,0.311507
A101784_2025-04-30,A101784,2025-04-30,train,0,0.039168
A101935_2025-04-30,A101935,2025-04-30,train,0,0.037416
A100947_2025-04-30,A100947,2025-04-30,train,0,0.036689
A100553_2025-04-30,A100553,2025-04-30,train,0,0.033750
A102260_2025-04-30,A102260,2025-04-30,train,0,0.038420
A101442_2025-04-30,A101442,2025-04-30,train,0,0.064077
A101953_2025-04-30,A101953,2025-04-30,train,0,0.032868
A100690_2025-04-30,A100690,2025-04-30,train,0,0.034672
A101133_2025-04-30,A101133,2025-04-30,train,1,0.036608
A101738_2025-04-30,A101738,2025-04-30,train,0,0.032958
A101631_2025-04-30,A101631,2025-04-30,train,0,0.178747
A101067_2025-04-30,A101067,2025-04-30,train,0,0.218398
A101803_2025-04-30,A101803,2025-04-30,train,0,0.032376
A100693_2025-04-30,A100693,2025-04-30,train,0,0.037115
A101348_2025-04-30,A101348,2025-04-30,train,0,0.035386
A100333_2025-04-30,A100333,2025-04-30,train,0,0.035783
A100239_2025-04-30,A100239,2025-04-30,train,0,0.069133
A100350_2025-04-30,A100350,2025-04-30,train,0,0.035916
A101230_2025-04-30,A101230,2025-04-30,train,0,0.202037
A100099_2025-04-30,A100099,2025-04-30,train,0,0.037680
A101841_2025-04-30,A101841,2025-04-30,train,0,0.034908
A100605_2025-04-30,A100605,2025-04-30,train,0,0.034398
A101056_2025-04-30,A101056,2025-04-30,train,0,0.204221
A100714_2025-04-30,A100714,2025-04-30,train,0,0.033784
A101496_2025-04-30,A101496,2025-04-30,train,0,0.034091
A100533_2025-04-30,A100533,2025-04-30,train,0,0.032083
A101330_2025-04-30,A101330,2025-04-30,train,0,0.034776
A100222_2025-04-30,A100222,2025-04-30,train,0,0.032970
A102466_2025-04-30,A102466,2025-04-30,train,0,0.038597
A101418_2025-04-30,A101418,2025-04-30,train,0,0.037061
A102243_2025-04-30,A102243,2025-04-30,train,0,0.035458
A100466_2025-04-30,A100466,2025-04-30,train,0,0.036134
A101804_2025-04-30,A101804,2025-04-30,train,0,0.035289
A100303_2025-04-30,A100303,2025-04-30,train,0,0.033770
A102078_2025-04-30,A102078,2025-04-30,train,0,0.036866
A101228_2025-04-30,A101228,2025-04-30,train,0,0.034183
A100191_2025-04-30,A100191,2025-04-30,train,0,0.034560
A101236_2025-04-30,A101236,2025-04-30,train,0,0.038963
A100764_2025-04-30,A100764,2025-04-30,train,0,0.037630
A100167_2025-04-30,A100167,2025-04-30,train,0,0.035503
A100055_2025-04-30,A100055,2025-04-30,train,0,0.199000
A100038_2025-04-30,A100038,2025-04-30,train,0,0.036040
A100093_2025-04-30,A100093,2025-04-30,train,0,0.033820
A100152_2025-04-30,A100152,2025-04-30,train,0,0.036989
A102228_2025-04-30,A102228,2025-04-30,train,0,0.037617
A101787_2025-04-30,A101787,2025-04-30,train,0,0.040325
A102316_2025-05-31,A102316,2025-05-31,train,0,0.212236
A101177_2025-05-31,A101177,2025-05-31,train,0,0.066140
A100351_2025-05-31,A100351,2025-05-31,train,0,0.035344
A101036_2025-05-31,A101036,2025-05-31,train,0,0.038268
A100367_2025-05-31,A100367,2025-05-31,train,0,0.034746
A101246_2025-05-31,A101246,2025-05-31,train,0,0.033374
A100962_2025-05-31,A100962,2025-05-31,train,0,0.035660
A101471_2025-05-31,A101471,2025-05-31,train,1,0.316702
A100274_2025-05-31,A100274,2025-05-31,train,0,0.275328
A100158_2025-05-31,A100158,2025-05-31,train,1,0.065590
A101887_2025-05-31,A101887,2025-05-31,train,0,0.064121
A100673_2025-05-31,A100673,2025-05-31,train,0,0.032287
A102016_2025-05-31,A102016,2025-05-31,train,0,0.033755
A100497_2025-05-31,A100497,2025-05-31,train,0,0.035933
A102342_2025-05-31,A102342,2025-05-31,train,0,0.034301
A102493_2025-05-31,A102493,2025-05-31,train,1,0.487568
A101499_2025-05-31,A101499,2025-05-31,train,0,0.036585
A101202_2025-05-31,A101202,2025-05-31,train,0,0.037347
A100292_2025-05-31,A100292,2025-05-31,train,0,0.037997
A100450_2025-05-31,A100450,2025-05-31,train,0,0.033104
A101802_2025-05-31,A101802,2025-05-31,train,0,0.033027
A101047_2025-05-31,A101047,2025-05-31,train,0,0.036440
A100549_2025-05-31,A100549,2025-05-31,train,0,0.038386
A101780_2025-05-31,A101780,2025-05-31,train,0,0.035166
A100451_2025-05-31,A100451,2025-05-31,train,0,0.199798
A100205_2025-05-31,A100205,2025-05-31,train,0,0.032675
A100232_2025-05-31,A100232,2025-05-31,train,0,0.034310
A101107_2025-05-31,A101107,2025-05-31,train,0,0.034646
A102032_2025-05-31,A102032,2025-05-31,train,0,0.066812
A101181_2025-05-31,A101181,2025-05-31,train,0,0.035278
A101121_2025-05-31,A101121,2025-05-31,train,0,0.036779
A101874_2025-05-31,A101874,2025-05-31,train,1,0.361853
A102481_2025-05-31,A102481,2025-05-31,train,0,0.169261
A102421_2025-05-31,A102421,2025-05-31,train,0,0.032674
A101077_2025-05-31,A101077,2025-05-31,train,0,0.035630
A101141_2025-05-31,A101141,2025-05-31,train,0,0.033516
A100459_2025-05-31,A100459,2025-05-31,train,0,0.125213
A101318_2025-05-31,A101318,2025-05-31,train,0,0.040309
A101885_2025-05-31,A101885,2025-05-31,train,0,0.216592
A101341_2025-05-31,A101341,2025-05-31,train,0,0.187529
A102188_2025-05-31,A102188,2025-05-31,train,0,0.034366
A102083_2025-05-31,A102083,2025-05-31,train,0,0.205374
A100278_2025-05-31,A100278,2025-05-31,train,0,0.035412
A101987_2025-05-31,A101987,2025-05-31,train,0,0.033210
A100165_2025-05-31,A100165,2025-05-31,train,0,0.035468
A101423_2025-05-31,A101423,2025-05-31,train,0,0.035763
A100995_2025-05-31,A100995,2025-05-31,train,0,0.034940
A101654_2025-05-31,A101654,2025-05-31,train,0,0.034708
A100935_2025-05-31,A100935,2025-05-31,train,0,0.035450
A100436_2025-05-31,A100436,2025-05-31,train,0,0.035442
A100553_2025-05-31,A100553,2025-05-31,train,0,0.311298
A101302_2025-05-31,A101302,2025-05-31,train,0,0.034241
A100719_2025-05-31,A100719,2025-05-31,train,0,0.036587
A100387_2025-05-31,A100387,2025-05-31,train,0,0.036101
A102231_2025-05-31,A102231,2025-05-31,train,0,0.038261
A100757_2025-05-31,A100757,2025-05-31,train,0,0.038935
A100290_2025-05-31,A100290,2025-05-31,train,0,0.035734
A102208_2025-05-31,A102208,2025-05-31,train,0,0.036444
A102017_2025-05-31,A102017,2025-05-31,train,0,0.033253
A101960_2025-05-31,A101960,2025-05-31,train,0,0.036706
A101740_2025-05-31,A101740,2025-05-31,train,0,0.033189
A101684_2025-05-31,A101684,2025-05-31,train,0,0.034953
A100726_2025-05-31,A100726,2025-05-31,train,0,0.349012
A101292_2025-05-31,A101292,2025-05-31,train,0,0.067072
A100562_2025-05-31,A100562,2025-05-31,train,0,0.037018
A101755_2025-05-31,A101755,2025-05-31,train,0,0.036211
A101734_2025-05-31,A101734,2025-05-31,train,0,0.034347
A101245_2025-05-31,A101245,2025-05-31,train,0,0.038221
A102355_2025-05-31,A102355,2025-05-31,train,1,0.182855
A102005_2025-05-31,A102005,2025-05-31,train,0,0.062947
A100946_2025-05-31,A100946,2025-05-31,train,0,0.035486
A100429_2025-05-31,A100429,2025-05-31,train,0,0.035669
A100369_2025-05-31,A100369,2025-05-31,train,0,0.034712
A101757_2025-05-31,A101757,2025-05-31,train,0,0.036758
A101326_2025-06-30,A101326,2025-06-30,train,0,0.065941
A101712_2025-06-30,A101712,2025-06-30,train,0,0.035319
A100613_2025-06-30,A100613,2025-06-30,train,0,0.033945
A100916_2025-06-30,A100916,2025-06-30,train,0,0.032906
A101662_2025-06-30,A101662,2025-06-30,train,0,0.037866
A101764_2025-06-30,A101764,2025-06-30,train,0,0.036771
A100759_2025-06-30,A100759,2025-06-30,train,0,0.036776
A100632_2025-06-30,A100632,2025-06-30,train,0,0.067114
A101619_2025-06-30,A101619,2025-06-30,train,0,0.033836
A101700_2025-06-30,A101700,2025-06-30,train,1,0.116252
A101176_2025-06-30,A101176,2025-06-30,train,0,0.197191
A100416_2025-06-30,A100416,2025-06-30,train,0,0.035975
A102189_2025-06-30,A102189,2025-06-30,train,0,0.038292
A100027_2025-06-30,A100027,2025-06-30,train,0,0.037143
A102118_2025-06-30,A102118,2025-06-30,train,0,0.032499
A101798_2025-06-30,A101798,2025-06-30,train,0,0.036539
A101121_2025-06-30,A101121,2025-06-30,train,0,0.036661
A101624_2025-06-30,A101624,2025-06-30,train,1,0.037063
A101628_2025-06-30,A101628,2025-06-30,train,0,0.033326
A100180_2025-06-30,A100180,2025-06-30,train,0,0.033758
A101398_2025-06-30,A101398,2025-06-30,train,0,0.033442
A100693_2025-06-30,A100693,2025-06-30,train,0,0.033045
A102152_2025-06-30,A102152,2025-06-30,train,0,0.036068
A100722_2025-06-30,A100722,2025-06-30,train,0,0.034328
A101430_2025-06-30,A101430,2025-06-30,train,0,0.038382
A101383_2025-06-30,A101383,2025-06-30,train,0,0.033041
A101348_2025-06-30,A101348,2025-06-30,train,0,0.035637
A101484_2025-06-30,A101484,2025-06-30,train,0,0.035631
A100726_2025-06-30,A100726,2025-06-30,train,0,0.035130
A101939_2025-06-30,A101939,2025-06-30,train,0,0.036689
A100775_2025-06-30,A100775,2025-06-30,train,0,0.065158
A101927_2025-06-30,A101927,2025-06-30,train,0,0.035790
A100366_2025-06-30,A100366,2025-06-30,train,0,0.035899
A101500_2025-06-30,A101500,2025-06-30,train,0,0.035373
A100812_2025-06-30,A100812,2025-06-30,train,0,0.037002
A100619_2025-06-30,A100619,2025-06-30,train,0,0.035160
A101775_2025-06-30,A101775,2025-06-30,train,0,0.036314
A102298_2025-06-30,A102298,2025-06-30,train,0,0.032474
A100588_2025-06-30,A100588,2025-06-30,train,1,0.034197
A100366_2025-06-30,A100366,2025-06-30,train,0,0.034159
A100717_2025-06-30,A100717,2025-06-30,train,0,0.033367
A100015_2025-06-30,A100015,2025-06-30,train,0,0.037051
A101872_2025-06-30,A101872,2025-06-30,train,0,0.034756
A102097_2025-06-30,A102097,2025-06-30,train,0,0.180654
A102087_2025-06-30,A102087,2025-06-30,train,0,0.034265
A101257_2025-06-30,A101257,2025-06-30,train,0,0.036623
A102235_2025-06-30,A102235,2025-06-30,train,1,0.193105
A100311_2025-06-30,A100311,2025-06-30,train,0,0.040231
A101417_2025-06-30,A101417,2025-06-30,train,0,0.067264
A101911_2025-06-30,A101911,2025-06-30,train,0,0.032778
A100219_2025-06-30,A100219,2025-06-30,train,0,0.033144
A101926_2025-06-30,A101926,2025-06-30,train,0,0.037145
A102303_2025-06-30,A102303,2025-06-30,train,0,0.036153
A102490_2025-06-30,A102490,2025-06-30,train,0,0.037730
A101026_2025-06-30,A101026,2025-06-30,train,0,0.034858
A101545_2025-06-30,A101545,2025-06-30,train,0,0.158735
A102004_2025-06-30,A102004,2025-06-30,train,0,0.038033
A102457_2025-06-30,A102457,2025-06-30,train,0,0.036582
A102326_2025-06-30,A102326,2025-06-30,train,0,0.033149
A102212_2025-06-30,A102212,2025-06-30,train,0,0.031593
A102466_2025-06-30,A102466,2025-06-30,train,0,0.036055
A101842_2025-06-30,A101842,2025-06-30,train,0,0.039837
A101846_2025-06-30,A101846,2025-06-30,train,0,0.038055
A100365_2025-06-30,A100365,2025-06-30,train,0,0.033025
A100622_2025-06-30,A100622,2025-06-30,train,0,0.031561
A100468_2025-06-30,A100468,2025-06-30,train,0,0.035020
A102413_2025-06-30,A102413,2025-06-30,train,0,0.309747
A100374_2025-06-30,A100374,2025-06-30,train,0,0.034858
A101401_2025-06-30,A101401,2025-06-30,train,0,0.032893
A101641_2025-06-30,A101641,2025-06-30,train,0,0.034364
A100422_2025-07-31,A100422,2025-07-31,train,0,0.035474
A102413_2025-07-31,A102413,2025-07-31,train,0,0.033007
A100928_2025-07-31,A100928,2025-07-31,train,0,0.037882
A101958_2025-07-31,A101958,2025-07-31,train,1,0.178776
A101063_2025-07-31,A101063,2025-07-31,train,0,0.035033
A101249_2025-07-31,A101249,2025-07-31,train,0,0.036833
A102269_2025-07-31,A102269,2025-07-31,train,0,0.067900
A100571_2025-07-31,A100571,2025-07-31,train,0,0.034049
A100776_2025-07-31,A100776,2025-07-31,train,0,0.038348
A101490_2025-07-31,A101490,2025-07-31,train,0,0.040476
A100547_2025-07-31,A100547,2025-07-31,train,0,0.128841
A102256_2025-07-31,A102256,2025-07-31,train,0,0.035668
A100967_2025-07-31,A100967,2025-07-31,train,0,0.034463
A102216_2025-07-31,A102216,2025-07-31,train,0,0.034691
A101563_2025-07-31,A101563,2025-07-31,train,0,0.032778
A101610_2025-07-31,A101610,2025-07-31,train,0,0.036070
A101173_2025-07-31,A101173,2025-07-31,train,0,0.033721
A100565_2025-07-31,A100565,2025-07-31,train,0,0.034887
A100384_2025-07-31,A100384,2025-07-31,train,0,0.036857
A100400_2025-07-31,A100400,2025-07-31,train,0,0.035463
A101834_2025-07-31,A101834,2025-07-31,train,0,0.034695
A100609_2025-07-31,A100609,2025-07-31,train,0,0.318767
A101653_2025-07-31,A101653,2025-07-31,train,0,0.115641
A100395_2025-07-31,A100395,2025-07-31,train,0,0.033489
A100098_2025-07-31,A100098,2025-07-31,train,0,0.037908
A101843_2025-07-31,A101843,2025-07-31,train,0,0.033410
A101053_2025-07-31,A101053,2025-07-31,train,0,0.037565
A101286_2025-07-31,A101286,2025-07-31,train,0,0.034199
A101212_2025-07-31,A101212,2025-07-31,train,0,0.034123
A101648_2025-07-31,A101648,2025-07-31,train,0,0.038180
A100381_2025-07-31,A100381,2025-07-31,train,0,0.033820
A101433_2025-07-31,A101433,2025-07-31,train,0,0.034905
A100103_2025-07-31,A100103,2025-07-31,train,0,0.492753
A102317_2025-07-31,A102317,2025-07-31,train,1,0.035075
A100444_2025-07-31,A100444,2025-07-31,train,0,0.270756
A101736_2025-07-31,A101736,2025-07-31,train,0,0.037091
A102365_2025-07-31,A102365,2025-07-31,train,0,0.131189
A101075_2025-07-31,A101075,2025-07-31,train,0,0.038050
A101771_2025-07-31,A101771,2025-07-31,train,0,0.032502
A102000_2025-07-31,A102000,2025-07-31,train,0,0.041320
A100413_2025-07-31,A100413,2025-07-31,train,0,0.035765
A100346_2025-07-31,A100346,2025-07-31,train,1,0.190822
A102209_2025-07-31,A102209,2025-07-31,train,0,0.036148
A101321_2025-07-31,A101321,2025-07-31,train,0,0.068614
A102289_2025-07-31,A102289,2025-07-31,train,0,0.039658
A101077_2025-07-31,A101077,2025-07-31,train,1,0.303126
A100589_2025-07-31,A100589,2025-07-31,train,0,0.034256
A100057_2025-07-31,A100057,2025-07-31,train,0,0.034229
A102284_2025-07-31,A102284,2025-07-31,train,0,0.032156
A101430_2025-07-31,A101430,2025-07-31,train,0,0.036115
A101542_2025-07-31,A101542,2025-07-31,train,0,0.034570
A102460_2025-07-31,A102460,2025-07-31,train,0,0.036528
A102211_2025-07-31,A102211,2025-07-31,train,0,0.039063
A101789_2025-07-31,A101789,2025-07-31,train,0,0.033826
A102291_2025-07-31,A102291,2025-07-31,train,0,0.034719
A100645_2025-07-31,A100645,2025-07-31,train,1,0.491578
A100098_2025-07-31,A100098,2025-07-31,train,0,0.181398
A100543_2025-07-31,A100543,2025-07-31,train,0,0.036349
A100142_2025-07-31,A100142,2025-07-31,train,0,0.033604
A101374_2025-07-31,A101374,2025-07-31,train,0,0.034968
A101041_2025-07-31,A101041,2025-07-31,train,0,0.032911
A101150_2025-07-31,A101150,2025-07-31,train,0,0.068796
A100085_2025-07-31,A100085,2025-07-31,train,0,0.032186
A101558_2025-08-31,A101558,2025-08-31,train,0,0.178447
A100065_2025-08-31,A100065,2025-08-31,train,0,0.039442
A101087_2025-08-31,A101087,2025-08-31,train,0,0.034773
A100506_2025-08-31,A100506,2025-08-31,train,1,0.332388
A101944_2025-08-31,A101944,2025-08-31,train,1,0.332542
A101966_2025-08-31,A101966,2025-08-31,train,1,0.339003
A102391_2025-08-31,A102391,2025-08-31,train,0,0.035711
A100584_2025-08-31,A100584,2025-08-31,train,0,0.035416
A102152_2025-08-31,A102152,2025-08-31,train,0,0.034733
A100256_2025-08-31,A100256,2025-08-31,train,0,0.037071
A100232_2025-08-31,A100232,2025-08-31,train,0,0.034184
A100362_2025-08-31,A100362,2025-08-31,train,0,0.035483
A100223_2025-08-31,A100223,2025-08-31,train,0,0.038677
A100735_2025-08-31,A100735,2025-08-31,train,1,0.035724
A101304_2025-08-31,A101304,2025-08-31,train,0,0.035133
A100781_2025-08-31,A100781,2025-08-31,train,0,0.181553
A102434_2025-08-31,A102434,2025-08-31,train,0,0.031702
A102043_2025-08-31,A102043,2025-08-31,train,0,0.032884
A100990_2025-08-31,A100990,2025-08-31,train,0,0.036403
A102042_2025-08-31,A102042,2025-08-31,train,0,0.040544
A101855_2025-08-31,A101855,2025-08-31,train,0,0.185096
A100821_2025-08-31,A100821,2025-08-31,train,0,0.035060
A101207_2025-08-31,A101207,2025-08-31,train,0,0.031787
A102000_2025-08-31,A102000,2025-08-31,train,0,0.034144
A100811_2025-08-31,A100811,2025-08-31,train,0,0.035633
A102318_2025-08-31,A102318,2025-08-31,train,0,0.034888
A101840_2025-08-31,A101840,2025-08-31,train,0,0.037661
A101932_2025-08-31,A101932,2025-08-31,train,0,0.031493
A100911_2025-08-31,A100911,2025-08-31,train,0,0.032984
A100711_2025-08-31,A100711,2025-08-31,train,0,0.416928
A100104_2025-08-31,A100104,2025-08-31,train,0,0.036756
A100930_2025-08-31,A100930,2025-08-31,train,0,0.035496
A101274_2025-08-31,A101274,2025-08-31,train,0,0.035928
A100249_2025-08-31,A100249,2025-08-31,train,0,0.067039
A100483_2025-08-31,A100483,2025-08-31,train,0,0.173004
A102090_2025-08-31,A102090,2025-08-31,train,0,0.035072
A100849_2025-08-31,A100849,2025-08-31,train,0,0.036842
A102237_2025-08-31,A102237,2025-08-31,train,0,0.034751
A101255_2025-08-31,A101255,2025-08-31,train,0,0.036712
A101890_2025-08-31,A101890,2025-08-31,train,0,0.494454
A100480_2025-08-31,A100480,2025-08-31,train,0,0.036670
A101753_2025-08-31,A101753,2025-08-31,train,0,0.034007
A102181_2025-08-31,A102181,2025-08-31,train,0,0.036943
A102449_2025-08-31,A102449,2025-08-31,train,0,0.038663
A101992_2025-08-31,A101992,2025-08-31,train,0,0.033751
A101528_2025-08-31,A101528,2025-08-31,train,0,0.034737
A101847_2025-08-31,A101847,2025-08-31,train,0,0.035463
A100512_2025-08-31,A100512,2025-08-31,train,0,0.036538
A102427_2025-08-31,A102427,2025-08-31,train,0,0.033665
A100428_2025-08-31,A100428,2025-08-31,train,0,0.037254
A102208_2025-08-31,A102208,2025-08-31,train,0,0.032527
A101635_2025-08-31,A101635,2025-08-31,train,0,0.037511
A101820_2025-08-31,A101820,2025-08-31,train,0,0.038867
A100507_2025-08-31,A100507,2025-08-31,train,0,0.034110
A100696_2025-08-31,A100696,2025-08-31,train,0,0.036215
A101022_2025-08-31,A101022,2025-08-31,train,0,0.038579
A102109_2025-08-31,A102109,2025-08-31,train,0,0.037793
A101683_2025-08-31,A101683,2025-08-31,train,0,0.121502
A101566_2025-08-31,A101566,2025-08-31,train,0,0.038216
A100372_2025-09-30,A100372,2025-09-30,train,0,0.032213
A101934_2025-09-30,A101934,2025-09-30,train,0,0.037187
A100272_2025-09-30,A100272,2025-09-30,train,0,0.037126
A102158_2025-09-30,A102158,2025-09-30,train,0,0.189859
A101047_2025-09-30,A101047,2025-09-30,train,0,0.332523
A100907_2025-09-30,A100907,2025-09-30,train,0,0.033202
A100760_2025-09-30,A100760,2025-09-30,train,0,0.032587
A101622_2025-09-30,A101622,2025-09-30,train,0,0.038253
A100835_2025-09-30,A100835,2025-09-30,train,0,0.035595
A101437_2025-09-30,A101437,2025-09-30,train,0,0.035789
A101521_2025-09-30,A101521,2025-09-30,train,0,0.036008
A101437_2025-09-30,A101437,2025-09-30,train,0,0.031259
A100638_2025-09-30,A100638,2025-09-30,train,0,0.036343
A101442_2025-09-30,A101442,2025-09-30,train,0,0.036025
A100368_2025-09-30,A100368,2025-09-30,train,0,0.036936
A101807_2025-09-30,A101807,2025-09-30,train,0,0.066590
A100977_2025-09-30,A100977,2025-09-30,train,0,0.036574
A101447_2025-09-30,A101447,2025-09-30,train,0,0.034350
A100411_2025-09-30,A100411,2025-09-30,train,0,0.038678
A102290_2025-09-30,A102290,2025-09-30,train,1,0.037577
A101977_2025-09-30,A101977,2025-09-30,train,0,0.033522
A101029_2025-09-30,A101029,2025-09-30,train,0,0.035861
A100768_2025-09-30,A100768,2025-09-30,train,0,0.034927
A100021_2025-09-30,A100021,2025-09-30,train,0,0.032105
A100444_2025-09-30,A100444,2025-09-30,train,0,0.065730
A102202_2025-09-30,A102202,2025-09-30,train,0,0.037212
A102163_2025-09-30,A102163,2025-09-30,train,0,0.037050
A102205_2025-09-30,A102205,2025-09-30,train,0,0.031720
A100055_2025-09-30,A100055,2025-09-30,train,0,0.035789
A100663_2025-09-30,A100663,2025-09-30,train,0,0.034220
A100743_2025-09-30,A100743,2025-09-30,train,0,0.040264
A100835_2025-09-30,A100835,2025-09-30,train,0,0.036949
A101961_2025-09-30,A101961,2025-09-30,train,0,0.184236
A101873_2025-09-30,A101873,2025-09-30,train,0,0.034719
A101274_2025-09-30,A101274,2025-09-30,train,0,0.175705
A100692_2025-09-30,A100692,2025-09-30,train,0,0.035227
A101301_2025-09-30,A101301,2025-09-30,train,0,0.174247
A101681_2025-09-30,A101681,2025-09-30,train,0,0.032754
A101256_2025-09-30,A101256,2025-09-30,train,0,0.036283
A102205_2025-09-30,A102205,2025-09-30,train,0,0.034377
A101830_2025-09-30,A101830,2025-09-30,train,0,0.033236
A101774_2025-09-30,A101774,2025-09-30,train,0,0.034881
A100786_2025-09-30,A100786,2025-09-30,train,0,0.032834
A102438_2025-09-30,A102438,2025-09-30,train,0,0.036824
A101636_2025-09-30,A101636,2025-09-30,train,0,0.032120
A100762_2025-09-30,A100762,2025-09-30,train,0,0.038266
A101859_2025-09-30,A101859,2025-09-30,train,0,0.065967
A102090_2025-09-30,A102090,2025-09-30,train,0,0.035156
A100386_2025-09-30,A100386,2025-09-30,train,0,0.037477
A100808_2025-09-30,A100808,2025-09-30,train,0,0.035584
A101117_2025-09-30,A101117,2025-09-30,train,0,0.032956
A100464_2025-09-30,A100464,2025-09-30,train,0,0.036196
A101129_2025-09-30,A101129,2025-09-30,train,0,0.035689
A102025_2025-09-30,A102025,2025-09-30,train,0,0.037629
A100002_2025-09-30,A100002,2025-09-30,train,0,0.036120
A101762_2025-09-30,A101762,2025-09-30,train,0,0.035960
A102225_2025-09-30,A102225,2025-09-30,train,0,0.035975
A100004_2025-09-30,A100004,2025-09-30,train,0,0.035299
A100854_2025-09-30,A100854,2025-09-30,train,0,0.034576
A102220_2025-09-30,A102220,2025-09-30,train,0,0.034148
A100674_2025-09-30,A100674,2025-09-30,train,0,0.121794
A101377_2025-09-30,A101377,2025-09-30,train,0,0.034086
A102046_2025-09-30,A102046,2025-09-30,train,0,0.035374
A101464_2025-09-30,A101464,2025-09-30,train,0,0.033055
A100315_2025-09-30,A100315,2025-09-30,train,0,0.039381
A102402_2025-09-30,A102402,2025-09-30,train,0,0.064892
A102106_2025-09-30,A102106,2025-09-30,train,0,0.164952
A101663_2025-09-30,A101663,2025-09-30,train,0,0.033194
A100636_2025-09-30,A100636,2025-09-30,train,0,0.032472
A101246_2025-09-30,A101246,2025-09-30,train,0,0.031445
A100548_2025-09-30,A100548,2025-09-30,train,0,0.032178
A101203_2025-09-30,A101203,2025-09-30,train,0,0.034911
A100817_2025-09-30,A100817,2025-09-30,train,0,0.033646
A101640_2025-09-30,A101640,2025-09-30,train,0,0.033255
A100726_2025-09-30,A100726,2025-09-30,train,0,0.035792
A102043_2025-09-30,A102043,2025-09-30,train,0,0.035651
A100128_2025-09-30,A100128,2025-09-30,train,0,0.323404
A100545_2025-10-31,A100545,2025-10-31,train,0,0.038863
A100816_2025-10-31,A100816,2025-10-31,train,0,0.037559
A100743_2025-10-31,A100743,2025-10-31,train,0,0.035541
A100296_2025-10-31,A100296,2025-10-31,train,0,0.036614
A102115_2025-10-31,A102115,2025-10-31,train,0,0.034768
A100197_2025-10-31,A100197,2025-10-31,train,0,0.034278
A100027_2025-10-31,A100027,2025-10-31,train,0,0.032224
A100358_2025-10-31,A100358,2025-10-31,train,0,0.032201
A101034_2025-10-31,A101034,2025-10-31,train,0,0.177439
A100359_2025-10-31,A100359,2025-10-31,train,0,0.037471
A101444_2025-10-31,A101444,2025-10-31,train,0,0.133821
A100134_2025-10-31,A100134,2025-10-31,train,0,0.066480
A100374_2025-10-31,A100374,2025-10-31,train,0,0.034807
A100458_2025-10-31,A100458,2025-10-31,train,0,0.035879
A102270_2025-10-31,A102270,2025-10-31,train,0,0.036929
A102290_2025-10-31,A102290,2025-10-31,train,1,0.199957
A102228_2025-10-31,A102228,2025-10-31,train,0,0.040899
A100166_2025-10-31,A100166,2025-10-31,train,0,0.034372
A101475_2025-10-31,A101475,2025-10-31,train,0,0.033397
A101560_2025-10-31,A101560,2025-10-31,train,0,0.039473
A100919_2025-10-31,A100919,2025-10-31,train,0,0.035127
A100855_2025-10-31,A100855,2025-10-31,train,1,0.190455
A100258_2025-10-31,A100258,2025-10-31,train,0,0.034450
A100790_2025-10-31,A100790,2025-10-31,train,0,0.038745
A101335_2025-10-31,A101335,2025-10-31,train,0,0.114840
A100681_2025-10-31,A100681,2025-10-31,train,0,0.034271
A100060_2025-10-31,A100060,2025-10-31,train,0,0.032553
A101870_2025-10-31,A101870,2025-10-31,train,1,0.122065
A102296_2025-10-31,A102296,2025-10-31,train,0,0.039073
A100329_2025-10-31,A100329,2025-10-31,train,0,0.034860
A100507_2025-10-31,A100507,2025-10-31,train,0,0.033180
A102387_2025-10-31,A102387,2025-10-31,train,0,0.034256
A102178_2025-10-31,A102178,2025-10-31,train,0,0.036708
A100949_2025-10-31,A100949,2025-10-31,train,0,0.036446
A102465_2025-10-31,A102465,2025-10-31,train,0,0.035256
A100087_2025-10-31,A100087,2025-10-31,train,0,0.033791
A101347_2025-10-31,A101347,2025-10-31,train,0,0.035000
A101917_2025-10-31,A101917,2025-10-31,train,0,0.039809
A100954_2025-10-31,A100954,2025-10-31,train,0,0.034188
A102100_2025-10-31,A102100,2025-10-31,train,0,0.202813
A100210_2025-10-31,A100210,2025-10-31,train,1,0.036848
A102110_2025-10-31,A102110,2025-10-31,train,0,0.036120
A100446_2025-10-31,A100446,2025-10-31,train,0,0.035896
A100494_2025-10-31,A100494,2025-10-31,train,0,0.035744
A100379_2025-10-31,A100379,2025-10-31,train,0,0.034878
A101095_2025-10-31,A101095,2025-10-31,train,0,0.314627
A101391_2025-10-31,A101391,2025-10-31,train,0,0.188907
A101352_2025-10-31,A101352,2025-10-31,train,0,0.037667
A102353_2025-10-31,A102353,2025-10-31,train,0,0.034602
A102235_2025-10-31,A102235,2025-10-31,train,0,0.033861
A102233_2025-10-31,A102233,2025-10-31,train,0,0.036482
A100358_2025-10-31,A100358,2025-10-31,train,0,0.033208
A100713_2025-10-31,A100713,2025-10-31,train,0,0.038640
A101105_2025-10-31,A101105,2025-10-31,train,0,0.037240
A102061_2025-10-31,A102061,2025-10-31,train,0,0.036083
A100317_2025-11-30,A100317,2025-11-30,train,1,0.441756
A102402_2025-11-30,A102402,2025-11-30,train,0,0.033780
A102240_2025-11-30,A102240,2025-11-30,train,0,0.033466
A101128_2025-11-30,A101128,2025-11-30,train,1,0.189635
A100035_2025-11-30,A100035,2025-11-30,train,0,0.034344
A100210_2025-11-30,A100210,2025-11-30,train,1,0.121565
A101977_2025-11-30,A101977,2025-11-30,train,0,0.033278
A100156_2025-11-30,A100156,2025-11-30,train,0,0.036620
A101720_2025-11-30,A101720,2025-11-30,train,1,0.179802
A102336_2025-11-30,A102336,2025-11-30,train,0,0.239999
A101844_2025-11-30,A101844,2025-11-30,train,0,0.039093
A102244_2025-11-30,A102244,2025-11-30,train,0,0.037289
A101352_2025-11-30,A101352,2025-11-30,train,0,0.032747
A101439_2025-11-30,A101439,2025-11-30,train,0,0.033645
A100660_2025-11-30,A100660,2025-11-30,train,0,0.034490
A100777_2025-11-30,A100777,2025-11-30,train,0,0.040527
A101459_2025-11-30,A101459,2025-11-30,train,0,0.417820
A100560_2025-11-30,A100560,2025-11-30,train,0,0.037791
A101622_2025-11-30,A101622,2025-11-30,train,0,0.035801
A100061_2025-11-30,A100061,2025-11-30,train,0,0.033645
A100546_2025-11-30,A100546,2025-11-30,train,0,0.035281
A101812_2025-11-30,A101812,2025-11-30,train,0,0.039841
A100209_2025-11-30,A100209,2025-11-30,train,1,0.408131
A100630_2025-11-30,A100630,2025-11-30,train,0,0.036387
A101146_2025-11-30,A101146,2025-11-30,train,0,0.032457
A100930_2025-11-30,A100930,2025-11-30,train,0,0.040981
A101967_2025-11-30,A101967,2025-11-30,train,0,0.036100
A100715_2025-11-30,A100715,2025-11-30,train,0,0.036421
A101682_2025-11-30,A101682,2025-11-30,train,0,0.036003
A100455_2025-11-30,A100455,2025-11-30,train,0,0.033265
A102381_2025-11-30,A102381,2025-11-30,train,0,0.033302
A100608_2025-11-30,A100608,2025-11-30,train,0,0.168033
A102269_2025-11-30,A102269,2025-11-30,train,0,0.067229
A102111_2025-11-30,A102111,2025-11-30,train,0,0.120683
A102128_2025-11-30,A102128,2025-11-30,train,0,0.034349
A100007_2025-11-30,A100007,2025-11-30,train,0,0.037149
A100987_2025-11-30,A100987,2025-11-30,train,0,0.034734
A102377_2025-11-30,A102377,2025-11-30,train,0,0.036732
A100927_2025-11-30,A100927,2025-11-30,train,0,0.031924
A101968_2025-11-30,A101968,2025-11-30,train,0,0.314812
A100906_2025-11-30,A100906,2025-11-30,train,0,0.035068
A101403_2025-11-30,A101403,2025-11-30,train,0,0.032830
A100508_2025-11-30,A100508,2025-11-30,train,0,0.034566
A101618_2025-11-30,A101618,2025-11-30,train,0,0.033904
A102479_2025-11-30,A102479,2025-11-30,train,0,0.034900
A100950_2025-11-30,A100950,2025-11-30,train,0,0.038857
A101493_2025-11-30,A101493,2025-11-30,train,0,0.034816
A101973_2025-11-30,A101973,2025-11-30,train,0,0.036288
A101308_2025-11-30,A101308,2025-11-30,train,0,0.034829
A100879_2025-11-30,A100879,2025-11-30,train,0,0.032818
A101401_2025-11-30,A101401,2025-11-30,train,0,0.031599
A102313_2025-11-30,A102313,2025-11-30,train,0,0.040063
A101981_2025-11-30,A101981,2025-11-30,train,0,0.037142
A100152_2025-11-30,A100152,2025-11-30,train,0,0.032494
A101338_2025-11-30,A101338,2025-11-30,train,0,0.033837
A102081_2025-11-30,A102081,2025-11-30,train,0,0.033575
A101856_2025-11-30,A101856,2025-11-30,train,0,0.036969
A100386_2025-11-30,A100386,2025-11-30,train,1,0.067315
A100221_2025-11-30,A100221,2025-11-30,train,0,0.032496
A101033_2025-12-31,A101033,2025-12-31,train,0,0.036469
A102059_2025-12-31,A102059,2025-12-31,train,0,0.037899
A100079_2025-12-31,A100079,2025-12-31,train,0,0.035454
A101531_2025-12-31,A101531,2025-12-31,train,1,0.182591
A101139_2025-12-31,A101139,2025-12-31,train,0,0.035569
A102303_2025-12-31,A102303,2025-12-31,train,0,0.039118
A100662_2025-12-31,A100662,2025-12-31,train,0,0.249594
A101337_2025-12-31,A101337,2025-12-31,train,0,0.037389
A100599_2025-12-31,A100599,2025-12-31,train,0,0.033278
A100575_2025-12-31,A100575,2025-12-31,train,0,0.034062
A101199_2025-12-31,A101199,2025-12-31,train,0,0.037109
A102321_2025-12-31,A102321,2025-12-31,train,0,0.036542
A102457_2025-12-31,A102457,2025-12-31,train,0,0.034517
A101250_2025-12-31,A101250,2025-12-31,train,0,0.180015
A100273_2025-12-31,A100273,2025-12-31,train,0,0.033385
A101729_2025-12-31,A101729,2025-12-31,train,0,0.037108
A100245_2025-12-31,A100245,2025-12-31,train,0,0.032779
A100408_2025-12-31,A100408,2025-12-31,train,0,0.034413
A100024_2025-12-31,A100024,2025-12-31,train,0,0.038599
A100362_2025-12-31,A100362,2025-12-31,train,0,0.034576
A101624_2025-12-31,A101624,2025-12-31,train,0,0.167502
A101938_2025-12-31,A101938,2025-12-31,train,0,0.036464
A101051_2025-12-31,A101051,2025-12-31,train,0,0.034625
A100704_2025-12-31,A100704,2025-12-31,train,0,0.039342
A101027_2025-12-31,A101027,2025-12-31,train,0,0.034975
A100717_2025-12-31,A100717,2025-12-31,train,0,0.037750
A102360_2025-12-31,A102360,2025-12-31,train,0,0.033386
A101461_2025-12-31,A101461,2025-12-31,train,0,0.177640
A100855_2025-12-31,A100855,2025-12-31,train,1,0.067312
A100979_2025-12-31,A100979,2025-12-31,train,0,0.033329
A101860_2025-12-31,A101860,2025-12-31,train,0,0.033281
A100280_2025-12-31,A100280,2025-12-31,train,0,0.032691
A102101_2025-12-31,A102101,2025-12-31,train,0,0.312495
A100949_2025-12-31,A100949,2025-12-31,train,0,0.039805
A100224_2025-12-31,A100224,2025-12-31,train,0,0.032592
A100877_2025-12-31,A100877,2025-12-31,train,0,0.035414
A102224_2025-12-31,A102224,2025-12-31,train,0,0.038505
A101674_2025-12-31,A101674,2025-12-31,train,0,0.034875
A100363_2025-12-31,A100363,2025-12-31,train,0,0.036758
A100162_2025-12-31,A100162,2025-12-31,train,0,0.039354
A100646_2025-12-31,A100646,2025-12-31,train,1,0.495846
A100539_2025-12-31,A100539,2025-12-31,train,0,0.034263
A102088_2025-12-31,A102088,2025-12-31,train,0,0.033887
A101959_2025-12-31,A101959,2025-12-31,train,0,0.037395
A102347_2025-12-31,A102347,2025-12-31,train,0,0.032442
A101013_2025-12-31,A101013,2025-12-31,train,0,0.185671
A100215_2025-12-31,A100215,2025-12-31,train,0,0.035199
A102136_2025-12-31,A102136,2025-12-31,train,0,0.033343
A101694_2025-12-31,A101694,2025-12-31,train,0,0.034217
A101744_2025-12-31,A101744,2025-12-31,train,0,0.198351
A100853_2025-12-31,A100853,2025-12-31,train,0,0.038875
A101215_2025-12-31,A101215,2025-12-31,train,0,0.034532
A101160_2025-12-31,A101160,2025-12-31,train,0,0.305780
A101960_2025-12-31,A101960,2025-12-31,train,0,0.032797
A100409_2025-12-31,A100409,2025-12-31,train,0,0.035291
A100528_2025-12-31,A100528,2025-12-31,train,0,0.205330
A100267_2025-12-31,A100267,2025-12-31,train,0,0.032773
A101785_2025-12-31,A101785,2025-12-31,train,0,0.033443
A101653_2025-12-31,A101653,2025-12-31,train,0,0.036978
A101384_2025-12-31,A101384,2025-12-31,train,0,0.125535
A100075_2025-12-31,A100075,2025-12-31,train,0,0.252772
A102123_2025-12-31,A102123,2025-12-31,train,0,0.034560
A100828_2025-12-31,A100828,2025-12-31,train,0,0.036298
A101329_2025-12-31,A101329,2025-12-31,train,0,0.175888
A100829_2025-12-31,A100829,2025-12-31,train,0,0.032749
A102171_2025-12-31,A102171,2025-12-31,train,0,0.034363
A102201_2025-12-31,A102201,2025-12-31,train,0,0.032647
A100383_2025-12-31,A100383,2025-12-31,train,0,0.033574
A100192_2025-12-31,A100192,2025-12-31,train,0,0.033448
A100553_2025-12-31,A100553,2025-12-31,train,0,0.033276
A102246_2025-12-31,A102246,2025-12-31,train,0,0.036707
A102230_2025-12-31,A102230,2025-12-31,train,0,0.034761
A100478_2025-12-31,A100478,2025-12-31,train,0,0.034895
A101693_2025-12-31,A101693,2025-12-31,train,0,0.035416
A102453_2025-12-31,A102453,2025-12-31,train,0,0.179707
A101384_2025-12-31,A101384,2025-12-31,train,0,0.034212
A100874_2025-12-31,A100874,2025-12-31,train,0,0.036296
A101296_2025-12-31,A101296,2025-12-31,train,0,0.065500
A102306_2025-12-31,A102306,2025-12-31,train,0,0.037941
A101865_2025-12-31,A101865,2025-12-31,train,0,0.154892
A101165_2026-01-31,A101165,2026-01-31,train,0,0.038001
A100777_2026-01-31,A100777,2026-01-31,train,0,0.035899
A101136_2026-01-31,A101136,2026-01-31,train,0,0.038654
A101388_2026-01-31,A101388,2026-01-31,train,0,0.034598
A101907_2026-01-31,A101907,2026-01-31,train,0,0.040612
A101663_2026-01-31,A101663,2026-01-31,train,0,0.175919
A100198_2026-01-31,A100198,2026-01-31,train,0,0.037093
A100270_2026-01-31,A100270,2026-01-31,train,0,0.034005
A100103_2026-01-31,A100103,2026-01-31,train,0,0.035549
A100349_2026-01-31,A100349,2026-01-31,train,0,0.203604
A101907_2026-01-31,A101907,2026-01-31,train,0,0.067574
A100478_2026-01-31,A100478,2026-01-31,train,0,0.036974
A101008_2026-01-31,A101008,2026-01-31,train,0,0.035949
A100397_2026-01-31,A100397,2026-01-31,train,0,0.036570
A102306_2026-01-31,A102306,2026-01-31,train,0,0.035925
A102046_2026-01-31,A102046,2026-01-31,train,0,0.034109
A102300_2026-01-31,A102300,2026-01-31,train,0,0.035071
A100601_2026-01-31,A100601,2026-01-31,train,0,0.035993
A101916_2026-01-31,A101916,2026-01-31,train,0,0.038632
A101465_2026-01-31,A101465,2026-01-31,train,0,0.038029
A101402_2026-01-31,A101402,2026-01-31,train,0,0.034197
A100421_2026-01-31,A100421,2026-01-31,train,0,0.068155
A100973_2026-01-31,A100973,2026-01-31,train,0,0.164862
A102376_2026-01-31,A102376,2026-01-31,train,0,0.033674
A101282_2026-01-31,A101282,2026-01-31,train,0,0.063622
A101783_2026-01-31,A101783,2026-01-31,train,1,0.036769
A101568_2026-01-31,A101568,2026-01-31,train,0,0.035914
A100322_2026-01-31,A100322,2026-01-31,train,0,0.033459
A101328_2026-01-31,A101328,2026-01-31,train,0,0.041442
A101380_2026-01-31,A101380,2026-01-31,train,0,0.037717
A100234_2026-01-31,A100234,2026-01-31,train,0,0.036529
A102301_2026-01-31,A102301,2026-01-31,train,0,0.035724
A100952_2026-01-31,A100952,2026-01-31,train,0,0.035015
A101952_2026-01-31,A101952,2026-01-31,train,0,0.037494
A102110_2026-01-31,A102110,2026-01-31,train,0,0.035167
A100595_2026-01-31,A100595,2026-01-31,train,0,0.033879
A100068_2026-01-31,A100068,2026-01-31,train,0,0.065636
A100656_2026-01-31,A100656,2026-01-31,train,0,0.033617
A100811_2026-01-31,A100811,2026-01-31,train,0,0.036937
A101838_2026-01-31,A101838,2026-01-31,train,0,0.039176
A101470_2026-01-31,A101470,2026-01-31,train,0,0.034235
A102092_2026-01-31,A102092,2026-01-31,train,1,0.035670
A101537_2026-01-31,A101537,2026-01-31,train,0,0.178775
A101261_2026-01-31,A101261,2026-01-31,train,0,0.035340
A100718_2026-01-31,A100718,2026-01-31,train,0,0.036283
A102463_2026-01-31,A102463,2026-01-31,train,0,0.032667
A101804_2026-01-31,A101804,2026-01-31,train,0,0.032063
A102051_2026-01-31,A102051,2026-01-31,train,0,0.033428
A101653_2026-01-31,A101653,2026-01-31,train,0,0.034328
A100511_2026-01-31,A100511,2026-01-31,train,0,0.038815
A100984_2026-01-31,A100984,2026-01-31,train,0,0.032338
A101935_2026-01-31,A101935,2026-01-31,train,0,0.036559
A101078_2026-01-31,A101078,2026-01-31,train,1,0.201590
A102467_2026-01-31,A102467,2026-01-31,train,0,0.336525
A100430_2026-01-31,A100430,2026-01-31,train,0,0.040933
A100844_2026-01-31,A100844,2026-01-31,train,0,0.036320
A101957_2026-01-31,A101957,2026-01-31,train,0,0.034069
A100656_2026-01-31,A100656,2026-01-31,train,0,0.033894
A102223_2026-01-31,A102223,2026-01-31,train,0,0.036304
A100993_2026-01-31,A100993,2026-01-31,train,0,0.034060
A100548_2026-01-31,A100548,2026-01-31,train,1,0.124130
A100277_2026-01-31,A100277,2026-01-31,train,1,0.067178
A101273_2026-01-31,A101273,2026-01-31,train,0,0.034081
A100720_2026-01-31,A100720,2026-01-31,train,0,0.033344
A102314_2026-01-31,A102314,2026-01-31,train,0,0.033403
A100742_2026-01-31,A100742,2026-01-31,train,0,0.035993
A101957_2026-01-31,A101957,2026-01-31,train,0,0.141191
A102159_2026-01-31,A102159,2026-01-31,train,0,0.032566
A100739_2026-01-31,A100739,2026-01-31,train,0,0.033599
A100247_2026-01-31,A100247,2026-01-31,train,0,0.035224
A101210_2026-01-31,A101210,2026-01-31,train,0,0.034597
A100529_2026-01-31,A100529,2026-01-31,train,0,0.039257
A101839_2026-02-28,A101839,2026-02-28,train,0,0.032010
A101897_2026-02-28,A101897,2026-02-28,train,1,0.189353
A100572_2026-02-28,A100572,2026-02-28,train,0,0.191885
A100635_2026-02-28,A100635,2026-02-28,train,0,0.035018
A101846_2026-02-28,A101846,2026-02-28,train,0,0.036685
A100082_2026-02-28,A100082,2026-02-28,train,0,0.032413
A100785_2026-02-28,A100785,2026-02-28,train,0,0.035341
A101015_2026-02-28,A101015,2026-02-28,train,0,0.034204
A101724_2026-02-28,A101724,2026-02-28,train,0,0.033234
A102128_2026-02-28,A102128,2026-02-28,train,0,0.032444
A100148_2026-02-28,A100148,2026-02-28,train,0,0.036524
A101313_2026-02-28,A101313,2026-02-28,train,0,0.032793
A100521_2026-02-28,A100521,2026-02-28,train,0,0.038429
A100770_2026-02-28,A100770,2026-02-28,train,0,0.037701
A100516_2026-02-28,A100516,2026-02-28,train,0,0.039479
A101439_2026-02-28,A101439,2026-02-28,train,1,0.181298
A101837_2026-02-28,A101837,2026-02-28,train,0,0.038127
A102255_2026-02-28,A102255,2026-02-28,train,0,0.036604
A102448_2026-02-28,A102448,2026-02-28,train,0,0.035005
A101540_2026-02-28,A101540,2026-02-28,train,1,0.240711
A100945_2026-02-28,A100945,2026-02-28,train,0,0.037833
A101687_2026-02-28,A101687,2026-02-28,train,0,0.034993
A101552_2026-02-28,A101552,2026-02-28,train,0,0.038217
A102499_2026-02-28,A102499,2026-02-28,train,0,0.034000
A102288_2026-02-28,A102288,2026-02-28,train,0,0.038042
A101399_2026-02-28,A101399,2026-02-28,train,0,0.322568
A102367_2026-02-28,A102367,2026-02-28,train,0,0.032015
A101853_2026-02-28,A101853,2026-02-28,train,1,0.037911
A101268_2026-02-28,A101268,2026-02-28,train,0,0.263636
A100285_2026-02-28,A100285,2026-02-28,train,0,0.035341
A101477_2026-02-28,A101477,2026-02-28,train,0,0.038649
A101771_2026-02-28,A101771,2026-02-28,train,0,0.037804
A101462_2026-02-28,A101462,2026-02-28,train,0,0.037997
A101686_2026-02-28,A101686,2026-02-28,train,0,0.193316
A100584_2026-02-28,A100584,2026-02-28,train,0,0.035521
A100735_2026-02-28,A100735,2026-02-28,train,0,0.036159
A100769_2026-02-28,A100769,2026-02-28,train,1,0.258387
A102401_2026-02-28,A102401,2026-02-28,train,0,0.038068
A100401_2026-02-28,A100401,2026-02-28,train,0,0.037021
A100345_2026-02-28,A100345,2026-02-28,train,0,0.038099
A100064_2026-02-28,A100064,2026-02-28,train,0,0.034097
A100320_2026-02-28,A100320,2026-02-28,train,0,0.066082
A100119_2026-02-28,A100119,2026-02-28,train,0,0.034485
A100173_2026-02-28,A100173,2026-02-28,train,0,0.032462
A100864_2026-02-28,A100864,2026-02-28,train,0,0.034118
A102118_2026-02-28,A102118,2026-02-28,train,0,0.035042
A100480_2026-02-28,A100480,2026-02-28,train,0,0.034764
A100758_2026-02-28,A100758,2026-02-28,train,0,0.237315
A101825_2026-02-28,A101825,2026-02-28,train,0,0.038058
A100960_2026-02-28,A100960,2026-02-28,train,0,0.032752
A101387_2026-02-28,A101387,2026-02-28,train,0,0.037036
A102328_2026-02-28,A102328,2026-02-28,train,0,0.037024
A101551_2026-02-28,A101551,2026-02-28,train,1,0.311027
A101338_2026-02-28,A101338,2026-02-28,train,0,0.182985
A100053_2026-02-28,A100053,2026-02-28,train,0,0.034062
A100499_2026-02-28,A100499,2026-02-28,train,0,0.036489
A102195_2026-02-28,A102195,2026-02-28,train,0,0.178316
A100228_2026-02-28,A100228,2026-02-28,train,0,0.034800
A102142_2026-02-28,A102142,2026-02-28,train,0,0.035578
A101701_2026-02-28,A101701,2026-02-28,train,0,0.034995
A102177_2026-02-28,A102177,2026-02-28,train,0,0.189529
A100652_2026-02-28,A100652,2026-02-28,train,0,0.036327
A101144_2026-02-28,A101144,2026-02-28,train,0,0.334585
A101868_2026-02-28,A101868,2026-02-28,train,0,0.036212
A100985_2026-03-31,A100985,2026-03-31,train,0,0.037307
A101826_2026-03-31,A101826,2026-03-31,train,0,0.190695
A100394_2026-03-31,A100394,2026-03-31,train,0,0.401026
A101191_2026-03-31,A101191,2026-03-31,train,0,0.068456
A101218_2026-03-31,A101218,2026-03-31,train,1,0.496265
A101634_2026-03-31,A101634,2026-03-31,train,0,0.031835
A100400_2026-03-31,A100400,2026-03-31,train,0,0.170244
A100632_2026-03-31,A100632,2026-03-31,train,0,0.034419
A102118_2026-03-31,A102118,2026-03-31,train,0,0.196338
A100770_2026-03-31,A100770,2026-03-31,train,0,0.034127
A100523_2026-03-31,A100523,2026-03-31,train,0,0.034288
A102441_2026-03-31,A102441,2026-03-31,train,0,0.037104
A100663_2026-03-31,A100663,2026-03-31,train,0,0.032110
A102094_2026-03-31,A102094,2026-03-31,train,0,0.165860
A102381_2026-03-31,A102381,2026-03-31,train,1,0.342851
A100816_2026-03-31,A100816,2026-03-31,test,0,0.036473
A101635_2026-03-31,A101635,2026-03-31,test,0,0.041179
A100105_2026-03-31,A100105,2026-03-31,test,0,0.031884
A101201_2026-03-31,A101201,2026-03-31,test,0,0.034419
A100945_2026-03-31,A100945,2026-03-31,test,0,0.033713
A101585_2026-03-31,A101585,2026-03-31,test,0,0.037665
A101953_2026-03-31,A101953,2026-03-31,test,0,0.036630
A101460_2026-03-31,A101460,2026-03-31,test,0,0.033905
A101645_2026-03-31,A101645,2026-03-31,test,0,0.034908
A100137_2026-03-31,A100137,2026-03-31,test,0,0.032123
A100338_2026-03-31,A100338,2026-03-31,test,0,0.036238
A102182_2026-03-31,A102182,2026-03-31,test,0,0.037777
A100201_2026-03-31,A100201,2026-03-31,test,0,0.040823
A100223_2026-03-31,A100223,2026-03-31,test,0,0.037094
A101793_2026-03-31,A101793,2026-03-31,test,0,0.033804
A101720_2026-03-31,A101720,2026-03-31,test,0,0.033727
A100391_2026-03-31,A100391,2026-03-31,test,0,0.038444
A100816_2026-03-31,A100816,2026-03-31,test,0,0.035811
A101805_2026-03-31,A101805,2026-03-31,test,0,0.033497
A101995_2026-03-31,A101995,2026-03-31,test,0,0.036512
A101240_2026-03-31,A101240,2026-03-31,test,1,0.499738
A101601_2026-03-31,A101601,2026-03-31,test,0,0.037746
A100227_2026-03-31,A100227,2026-03-31,test,0,0.040255
A100119_2026-03-31,A100119,2026-03-31,test,0,0.065973
A100875_2026-03-31,A100875,2026-03-31,test,0,0.036964
A101861_2026-03-31,A101861,2026-03-31,test,0,0.034010
A101223_2026-03-31,A101223,2026-03-31,test,0,0.034909
A101407_2026-03-31,A101407,2026-03-31,test,0,0.034230
A101410_2026-03-31,A101410,2026-03-31,test,0,0.063829
A100013_2026-03-31,A100013,2026-03-31,test,0,0.060104
A101923_2026-03-31,A101923,2026-03-31,test,0,0.039747
A102399_2026-03-31,A102399,2026-03-31,test,0,0.038499
A100556_2026-03-31,A100556,2026-03-31,test,0,0.037389
A101328_2026-03-31,A101328,2026-03-31,test,0,0.036331
A100297_2026-03-31,A100297,2026-03-31,test,0,0.039917
A100475_2026-03-31,A100475,2026-03-31,test,0,0.035905
A101235_2026-03-31,A101235,2026-03-31,test,0,0.033736
A101593_2026-03-31,A101593,2026-03-31,test,0,0.178666
A102489_2026-03-31,A102489,2026-03-31,test,0,0.037756
A100681_2026-03-31,A100681,2026-03-31,test,0,0.034806
A100152_2026-03-31,A100152,2026-03-31,test,0,0.200026
A100338_2026-03-31,A100338,2026-03-31,test,0,0.036715
A101803_2026-03-31,A101803,2026-03-31,test,0,0.035935
A100481_2026-03-31,A100481,2026-03-31,test,0,0.199865
A101751_2026-03-31,A101751,2026-03-31,test,1,0.066239
A101837_2026-03-31,A101837,2026-03-31,test,0,0.032091
A101354_2026-03-31,A101354,2026-03-31,test,0,0.039089
A100345_2026-03-31,A100345,2026-03-31,test,0,0.493116
A102102_2026-03-31,A102102,2026-03-31,test,0,0.040072
A101286_2026-04-30,A101286,2026-04-30,test,0,0.035287
A100929_2026-04-30,A100929,2026-04-30,test,0,0.036477
A102218_2026-04-30,A102218,2026-04-30,test,0,0.037502
A100803_2026-04-30,A100803,2026-04-30,test,0,0.338195
A102004_2026-04-30,A102004,2026-04-30,test,0,0.034162
A100611_2026-04-30,A100611,2026-04-30,test,0,0.180683
A102196_2026-04-30,A102196,2026-04-30,test,0,0.035342
A101680_2026-04-30,A101680,2026-04-30,test,0,0.033737
A100512_2026-04-30,A100512,2026-04-30,test,0,0.039099
A100431_2026-04-30,A100431,2026-04-30,test,0,0.035076
A100800_2026-04-30,A100800,2026-04-30,test,0,0.036440
A101531_2026-04-30,A101531,2026-04-30,test,0,0.037877
A100835_2026-04-30,A100835,2026-04-30,test,0,0.203082
A101859_2026-04-30,A101859,2026-04-30,test,0,0.035653
A101490_2026-04-30,A101490,2026-04-30,test,0,0.068497
A100352_2026-04-30,A100352,2026-04-30,test,0,0.033428
A101578_2026-04-30,A101578,2026-04-30,test,0,0.034884
A100738_2026-04-30,A100738,2026-04-30,test,0,0.034033
A101182_2026-04-30,A101182,2026-04-30,test,0,0.033746
A100449_2026-04-30,A100449,2026-04-30,test,0,0.036147
A101134_2026-04-30,A101134,2026-04-30,test,0,0.037627
A100623_2026-04-30,A100623,2026-04-30,test,0,0.035695
A101137_2026-04-30,A101137,2026-04-30,test,0,0.040231
A100200_2026-04-30,A100200,2026-04-30,test,1,0.177050
A102304_2026-04-30,A102304,2026-04-30,test,1,0.255470
A100872_2026-04-30,A100872,2026-04-30,test,1,0.065945
A100717_2026-04-30,A100717,2026-04-30,test,0,0.037475
A102223_2026-04-30,A102223,2026-04-30,test,0,0.033965
A100755_2026-04-30,A100755,2026-04-30,test,0,0.031887
A100789_2026-04-30,A100789,2026-04-30,test,0,0.067322
A101778_2026-04-30,A101778,2026-04-30,test,0,0.034687
A101824_2026-04-30,A101824,2026-04-30,test,0,0.034738
A101365_2026-04-30,A101365,2026-04-30,test,0,0.038251
A100275_2026-04-30,A100275,2026-04-30,test,0,0.032282
A100474_2026-04-30,A100474,2026-04-30,test,0,0.214768
A101420_2026-04-30,A101420,2026-04-30,test,0,0.193727
A100038_2026-04-30,A100038,2026-04-30,test,0,0.034184
A102368_2026-04-30,A102368,2026-04-30,test,0,0.032724
A102030_2026-04-30,A102030,2026-04-30,test,0,0.157247
A100517_2026-04-30,A100517,2026-04-30,test,1,0.135317
A100320_2026-04-30,A100320,2026-04-30,test,0,0.034802
A100695_2026-04-30,A100695,2026-04-30,test,0,0.037211
A100258_2026-04-30,A100258,2026-04-30,test,0,0.033376
A102167_2026-04-30,A102167,2026-04-30,test,0,0.195537
A101558_2026-04-30,A101558,2026-04-30,test,0,0.033168
A100067_2026-04-30,A100067,2026-04-30,test,0,0.320033
A102179_2026-04-30,A102179,2026-04-30,test,0,0.123267
A100704_2026-04-30,A100704,2026-04-30,test,0,0.189521
A102052_2026-04-30,A102052,2026-04-30,test,0,0.033258
A100176_2026-04-30,A100176,2026-04-30,test,0,0.038361
A101779_2026-04-30,A101779,2026-04-30,test,0,0.036043
A100252_2026-04-30,A100252,2026-04-30,test,0,0.033630
A100749_2026-04-30,A100749,2026-04-30,test,1,0.271156
A102391_2026-04-30,A102391,2026-04-30,test,0,0.038150
A100363_2026-04-30,A100363,2026-04-30,test,0,0.035135
A100538_2026-04-30,A100538,2026-04-30,test,0,0.124349
A101483_2026-04-30,A101483,2026-04-30,test,0,0.037130
A100882_2026-04-30,A100882,2026-04-30,test,0,0.032917
A100673_2026-04-30,A100673,2026-04-30,test,0,0.068075
A101489_2026-04-30,A101489,2026-04-30,test,0,0.034715
A101035_2026-04-30,A101035,2026-04-30,test,0,0.032068
A100477_2026-04-30,A100477,2026-04-30,test,0,0.033389
A101176_2026-04-30,A101176,2026-04-30,test,0,0.037459
A100007_2026-05-31,A100007,2026-05-31,test,0,0.035989
A100598_2026-05-31,A100598,2026-05-31,test,0,0.169961
A102275_2026-05-31,A102275,2026-05-31,test,0,0.033965
A101770_2026-05-31,A101770,2026-05-31,test,0,0.032895
A101142_2026-05-31,A101142,2026-05-31,test,0,0.124713
A102050_2026-05-31,A102050,2026-05-31,test,0,0.032774
A101938_2026-05-31,A101938,2026-05-31,test,0,0.040410
A100992_2026-05-31,A100992,2026-05-31,test,0,0.189846
A100928_2026-05-31,A100928,2026-05-31,test,0,0.037929
A100914_2026-05-31,A100914,2026-05-31,test,0,0.247426
A100138_2026-05-31,A100138,2026-05-31,test,0,0.037554
A102465_2026-05-31,A102465,2026-05-31,test,0,0.336122
A100755_2026-05-31,A100755,2026-05-31,test,0,0.035315
A100948_2026-05-31,A100948,2026-05-31,test,0,0.068816
A100761_2026-05-31,A100761,2026-05-31,test,0,0.034971
A100636_2026-05-31,A100636,2026-05-31,test,0,0.169930
A102316_2026-05-31,A102316,2026-05-31,test,0,0.033850
A101067_2026-05-31,A101067,2026-05-31,test,0,0.035108
A101333_2026-05-31,A101333,2026-05-31,test,0,0.035514
A101632_2026-05-31,A101632,2026-05-31,test,0,0.034701
A101480_2026-05-31,A101480,2026-05-31,test,0,0.036246
A101476_2026-05-31,A101476,2026-05-31,test,0,0.033417
A101919_2026-05-31,A101919,2026-05-31,test,1,0.198990
A100784_2026-05-31,A100784,2026-05-31,test,0,0.031786
A101056_2026-05-31,A101056,2026-05-31,test,0,0.035603
A102234_2026-05-31,A102234,2026-05-31,test,0,0.036619
A102151_2026-05-31,A102151,2026-05-31,test,0,0.031881
A101891_2026-05-31,A101891,2026-05-31,test,1,0.175457
A101795_2026-05-31,A101795,2026-05-31,test,0,0.038653
A100958_2026-05-31,A100958,2026-05-31,test,0,0.037808
A102095_2026-05-31,A102095,2026-05-31,test,0,0.034438
A100765_2026-05-31,A100765,2026-05-31,test,0,0.039905
A100215_2026-05-31,A100215,2026-05-31,test,0,0.180150
A101323_2026-05-31,A101323,2026-05-31,test,0,0.035036
A100018_2026-05-31,A100018,2026-05-31,test,0,0.035060
A102236_2026-05-31,A102236,2026-05-31,test,0,0.032762
A100761_2026-05-31,A100761,2026-05-31,test,0,0.032570
A101897_2026-05-31,A101897,2026-05-31,test,0,0.033232
A102269_2026-05-31,A102269,2026-05-31,test,0,0.037465
A101484_2026-05-31,A101484,2026-05-31,test,0,0.032595
A101266_2026-05-31,A101266,2026-05-31,test,0,0.033448
A100379_2026-05-31,A100379,2026-05-31,test,0,0.318261
A100186_2026-05-31,A100186,2026-05-31,test,0,0.033094
A100172_2026-05-31,A100172,2026-05-31,test,0,0.035530
A101167_2026-05-31,A101167,2026-05-31,test,0,0.035909
A102193_2026-05-31,A102193,2026-05-31,test,0,0.035553
A100112_2026-05-31,A100112,2026-05-31,test,0,0.036912
A100048_2026-05-31,A100048,2026-05-31,test,0,0.034202
A100996_2026-05-31,A100996,2026-05-31,test,0,0.165390
A101239_2026-05-31,A101239,2026-05-31,test,0,0.038554
A100417_2026-05-31,A100417,2026-05-31,test,0,0.037157
A101111_2026-05-31,A101111,2026-05-31,test,0,0.032731
A100252_2026-05-31,A100252,2026-05-31,test,0,0.036015
A102222_2026-05-31,A102222,2026-05-31,test,0,0.034876
A100383_2026-05-31,A100383,2026-05-31,test,0,0.034134
A100456_2026-05-31,A100456,2026-05-31,test,0,0.033500
A101639_2026-05-31,A101639,2026-05-31,test,0,0.040936
A101637_2026-05-31,A101637,2026-05-31,test,0,0.032925
A102241_2026-05-31,A102241,2026-05-31,test,0,0.119514
A102495_2026-05-31,A102495,2026-05-31,test,0,0.033039
A101043_2026-05-31,A101043,2026-05-31,test,0,0.037580
A101662_2026-05-31,A101662,2026-05-31,test,0,0.035997
A101118_2026-05-31,A101118,2026-05-31,test,0,0.037091
A100014_2026-05-31,A100014,2026-05-31,test,0,0.065539
A101284_2026-05-31,A101284,2026-05-31,test,0,0.037545
A100891_2026-05-31,A100891,2026-05-31,test,0,0.067559
A101580_2026-05-31,A101580,2026-05-31,test,1,0.040420
A102171_2026-05-31,A102171,2026-05-31,test,0,0.036534
A100769_2026-05-31,A100769,2026-05-31,test,0,0.032775
A100906_2026-05-31,A100906,2026-05-31,test,0,0.033447
A100758_2026-05-31,A100758,2026-05-31,test,0,0.037402
A100420_2026-06-30,A100420,2026-06-30,test,1,0.208589
A101876_2026-06-30,A101876,2026-06-30,test,0,0.033740
A101210_2026-06-30,A101210,2026-06-30,test,0,0.316197
A100075_2026-06-30,A100075,2026-06-30,test,0,0.035365
A100179_2026-06-30,A100179,2026-06-30,test,0,0.035130
A102471_2026-06-30,A102471,2026-06-30,test,1,0.036147
A101031_2026-06-30,A101031,2026-06-30,test,0,0.034395
A101285_2026-06-30,A101285,2026-06-30,test,0,0.032785
A101786_2026-06-30,A101786,2026-06-30,test,0,0.037685
A100974_2026-06-30,A100974,2026-06-30,test,0,0.033955
A101676_2026-06-30,A101676,2026-06-30,test,1,0.177474
A100773_2026-06-30,A100773,2026-06-30,test,0,0.032855
A101133_2026-06-30,A101133,2026-06-30,test,0,0.179459
A101406_2026-06-30,A101406,2026-06-30,test,0,0.062468
A102176_2026-06-30,A102176,2026-06-30,test,0,0.036566
A101949_2026-06-30,A101949,2026-06-30,test,0,0.033909
A101854_2026-06-30,A101854,2026-06-30,test,0,0.036093
A100462_2026-06-30,A100462,2026-06-30,test,1,0.038409
A102330_2026-06-30,A102330,2026-06-30,test,0,0.035743
A100552_2026-06-30,A100552,2026-06-30,test,0,0.347931
A100804_2026-06-30,A100804,2026-06-30,test,0,0.186529
A100839_2026-06-30,A100839,2026-06-30,test,0,0.034932
A100862_2026-06-30,A100862,2026-06-30,test,0,0.035943
A102438_2026-06-30,A102438,2026-06-30,test,0,0.034522
A102037_2026-06-30,A102037,2026-06-30,test,0,0.172720
A101539_2026-06-30,A101539,2026-06-30,test,0,0.032706
A100768_2026-06-30,A100768,2026-06-30,test,0,0.034171
A102178_2026-06-30,A102178,2026-06-30,test,0,0.033248
A102471_2026-06-30,A102471,2026-06-30,test,1,0.034402
A100313_2026-06-30,A100313,2026-06-30,test,0,0.034623
A101513_2026-06-30,A101513,2026-06-30,test,1,0.208085
A102075_2026-06-30,A102075,2026-06-30,test,0,0.035788
A100849_2026-06-30,A100849,2026-06-30,test,0,0.036946
A100842_2026-06-30,A100842,2026-06-30,test,0,0.035269
A101063_2026-06-30,A101063,2026-06-30,test,0,0.036011
A101610_2026-06-30,A101610,2026-06-30,test,0,0.034212
A100625_2026-06-30,A100625,2026-06-30,test,0,0.034305
A102094_2026-06-30,A102094,2026-06-30,test,0,0.034202
A102114_2026-06-30,A102114,2026-06-30,test,0,0.211166
A100444_2026-06-30,A100444,2026-06-30,test,0,0.034684
A101315_2026-06-30,A101315,2026-06-30,test,0,0.040159
A100062_2026-06-30,A100062,2026-06-30,test,1,0.068512
A100581_2026-06-30,A100581,2026-06-30,test,0,0.033845
A101128_2026-06-30,A101128,2026-06-30,test,0,0.032285
A100960_2026-06-30,A100960,2026-06-30,test,0,0.035002
A100140_2026-06-30,A100140,2026-06-30,test,0,0.032028
A102314_2026-06-30,A102314,2026-06-30,test,0,0.033681
A100370_2026-06-30,A100370,2026-06-30,test,0,0.038247
A101185_2026-06-30,A101185,2026-06-30,test,1,0.317607
A100316_2026-06-30,A100316,2026-06-30,test,0,0.127839
A100888_2026-06-30,A100888,2026-06-30,test,0,0.036790
A101537_2026-06-30,A101537,2026-06-30,test,0,0.033789
A100516_2026-06-30,A100516,2026-06-30,test,0,0.036329
A101162_2026-06-30,A101162,2026-06-30,test,0,0.035218
A100035_2026-06-30,A100035,2026-06-30,test,1,0.173268
A101234_2026-06-30,A101234,2026-06-30,test,0,0.038384
A102145_2026-06-30,A102145,2026-06-30,test,0,0.036418
