snapshot_id,account_id,snapshot_date,split,label,baseline_score,note_signal_score,hybrid_score
A102114_2025-01-31,A102114,2025-01-31,train,0,0.037198,0.200000,0.069758
A102300_2025-01-31,A102300,2025-01-31,train,0,0.035685,0.000000,0.028548
A101357_2025-01-31,A101357,2025-01-31,train,0,0.034394,0.000000,0.027515
A100226_2025-01-31,A100226,2025-01-31,train,0,0.032441,0.000000,0.025953
A100186_2025-01-31,A100186,2025-01-31,train,0,0.037465,0.000000,0.029972
A100676_2025-01-31,A100676,2025-01-31,train,0,0.037720,0.200000,0.070176
A101657_2025-01-31,A101657,2025-01-31,train,0,0.033158,0.000000,0.026526
A100412_2025-01-31,A100412,2025-01-31,train,0,0.037569,0.000000,0.030055
A100019_2025-01-31,A100019,2025-01-31,train,0,0.034646,0.200000,0.067717
A101160_2025-01-31,A101160,2025-01-31,train,0,0.034874,0.000000,0.027899
A101043_2025-01-31,A101043,2025-01-31,train,0,0.035828,0.000000,0.028662
A100242_2025-01-31,A100242,2025-01-31,train,0,0.033572,0.000000,0.026858
A100123_2025-01-31,A100123,2025-01-31,train,0,0.035967,0.000000,0.028774
A102067_2025-01-31,A102067,2025-01-31,train,0,0.036015,0.000000,0.028812
A100043_2025-01-31,A100043,2025-01-31,train,1,0.038217,0.000000,0.030574
A101685_2025-01-31,A101685,2025-01-31,train,0,0.037196,0.000000,0.029757
A100254_2025-01-31,A100254,2025-01-31,train,0,0.032434,0.000000,0.025947
A101818_2025-01-31,A101818,2025-01-31,train,0,0.039428,0.000000,0.031542
A101054_2025-01-31,A101054,2025-01-31,train,0,0.218538,0.750000,0.324830
A102034_2025-01-31,A102034,2025-01-31,train,0,0.067554,0.000000,0.054043
A100315_2025-01-31,A100315,2025-01-31,train,0,0.326557,0.200000,0.301246
A100737_2025-01-31,A100737,2025-01-31,train,0,0.035328,0.200000,0.068262
A101248_2025-01-31,A101248,2025-01-31,train,0,0.038516,0.200000,0.070813
A102056_2025-01-31,A102056,2025-01-31,train,0,0.035314,0.000000,0.028251
A101213_2025-01-31,A101213,2025-01-31,train,0,0.178853,0.350000,0.213082
A100566_2025-01-31,A100566,2025-01-31,train,0,0.187314,0.200000,0.189851
A100274_2025-01-31,A100274,2025-01-31,train,0,0.033251,0.000000,0.026601
A101559_2025-01-31,A101559,2025-01-31,train,0,0.035136,0.000000,0.028109
A101076_2025-01-31,A101076,2025-01-31,train,0,0.034349,0.000000,0.027479
A101973_2025-01-31,A101973,2025-01-31,train,0,0.033926,0.000000,0.027141
A100937_2025-01-31,A100937,2025-01-31,train,0,0.036573,0.000000,0.029258
A100864_2025-01-31,A100864,2025-01-31,train,0,0.036609,0.000000,0.029287
A102069_2025-01-31,A102069,2025-01-31,train,0,0.040494,0.200000,0.072395
A101518_2025-01-31,A101518,2025-01-31,train,0,0.034302,0.200000,0.067442
A100938_2025-01-31,A100938,2025-01-31,train,0,0.035060,0.200000,0.068048
A100992_2025-01-31,A100992,2025-01-31,train,0,0.033788,0.200000,0.067030
A100300_2025-01-31,A100300,2025-01-31,train,0,0.036859,0.000000,0.029487
A100040_2025-01-31,A100040,2025-01-31,train,0,0.036208,0.000000,0.028966
A100517_2025-01-31,A100517,2025-01-31,train,0,0.037370,0.000000,0.029896
A101919_2025-01-31,A101919,2025-01-31,train,1,0.201452,0.200000,0.201162
A100446_2025-01-31,A100446,2025-01-31,train,0,0.037283,0.000000,0.029826
A102018_2025-01-31,A102018,2025-01-31,train,0,0.032473,0.000000,0.025978
A102423_2025-01-31,A102423,2025-01-31,train,0,0.034339,0.200000,0.067471
A101938_2025-01-31,A101938,2025-01-31,train,0,0.032271,0.000000,0.025817
A100101_2025-01-31,A100101,2025-01-31,train,0,0.312545,0.200000,0.290036
A102292_2025-01-31,A102292,2025-01-31,train,0,0.035711,0.000000,0.028569
A101489_2025-01-31,A101489,2025-01-31,train,0,0.034702,0.000000,0.027762
A101475_2025-01-31,A101475,2025-01-31,train,0,0.033289,0.000000,0.026631
A101032_2025-01-31,A101032,2025-01-31,train,0,0.035188,0.000000,0.028150
A100486_2025-01-31,A100486,2025-01-31,train,0,0.032496,0.200000,0.065997
A100529_2025-01-31,A100529,2025-01-31,train,0,0.037301,0.000000,0.029841
A101689_2025-01-31,A101689,2025-01-31,train,0,0.036567,0.200000,0.069254
A101299_2025-01-31,A101299,2025-01-31,train,0,0.037459,0.000000,0.029967
A100620_2025-01-31,A100620,2025-01-31,train,0,0.033295,0.200000,0.066636
A101545_2025-01-31,A101545,2025-01-31,train,0,0.038752,0.200000,0.071002
A100941_2025-01-31,A100941,2025-01-31,train,0,0.066009,0.000000,0.052807
A102111_2025-02-28,A102111,2025-02-28,train,0,0.035399,0.000000,0.028319
A101848_2025-02-28,A101848,2025-02-28,train,0,0.037848,0.000000,0.030278
A101176_2025-02-28,A101176,2025-02-28,train,1,0.596824,0.950000,0.667459
A101988_2025-02-28,A101988,2025-02-28,train,0,0.033300,0.000000,0.026640
A101701_2025-02-28,A101701,2025-02-28,train,0,0.033566,0.200000,0.066853
A100723_2025-02-28,A100723,2025-02-28,train,0,0.035414,0.000000,0.028331
A101920_2025-02-28,A101920,2025-02-28,train,0,0.035190,0.000000,0.028152
A102497_2025-02-28,A102497,2025-02-28,train,0,0.034936,0.000000,0.027949
A100591_2025-02-28,A100591,2025-02-28,train,0,0.035887,0.200000,0.068710
A100358_2025-02-28,A100358,2025-02-28,train,0,0.036922,0.200000,0.069538
A101727_2025-02-28,A101727,2025-02-28,train,0,0.037850,0.200000,0.070280
A100215_2025-02-28,A100215,2025-02-28,train,0,0.068071,0.000000,0.054457
A101293_2025-02-28,A101293,2025-02-28,train,0,0.035974,0.200000,0.068779
A100208_2025-02-28,A100208,2025-02-28,train,0,0.032785,0.200000,0.066228
A101980_2025-02-28,A101980,2025-02-28,train,0,0.035349,0.200000,0.068279
A100191_2025-02-28,A100191,2025-02-28,train,0,0.039634,0.000000,0.031707
A101651_2025-02-28,A101651,2025-02-28,train,1,0.068218,0.000000,0.054574
A100536_2025-02-28,A100536,2025-02-28,train,0,0.033859,0.000000,0.027087
A102493_2025-02-28,A102493,2025-02-28,train,0,0.035472,0.000000,0.028378
A102461_2025-02-28,A102461,2025-02-28,train,0,0.117668,0.400000,0.174134
A100727_2025-02-28,A100727,2025-02-28,train,0,0.207148,0.200000,0.205718
A101522_2025-02-28,A101522,2025-02-28,train,0,0.035387,0.000000,0.028310
A101977_2025-02-28,A101977,2025-02-28,train,0,0.033357,0.000000,0.026686
A102277_2025-02-28,A102277,2025-02-28,train,0,0.185819,0.200000,0.188655
A100374_2025-02-28,A100374,2025-02-28,train,0,0.066957,0.000000,0.053566
A100138_2025-02-28,A100138,2025-02-28,train,0,0.033487,0.200000,0.066790
A102017_2025-02-28,A102017,2025-02-28,train,0,0.040385,0.000000,0.032308
A100886_2025-02-28,A100886,2025-02-28,train,0,0.036596,0.200000,0.069277
A100073_2025-02-28,A100073,2025-02-28,train,0,0.033130,0.000000,0.026504
A101879_2025-02-28,A101879,2025-02-28,train,0,0.183394,0.200000,0.186715
A100926_2025-02-28,A100926,2025-02-28,train,1,0.316151,0.550000,0.362921
A100003_2025-02-28,A100003,2025-02-28,train,1,0.039651,0.200000,0.071721
A101318_2025-02-28,A101318,2025-02-28,train,0,0.196409,0.200000,0.197127
A102295_2025-02-28,A102295,2025-02-28,train,0,0.033600,0.000000,0.026880
A102222_2025-02-28,A102222,2025-02-28,train,0,0.064164,0.000000,0.051331
A102328_2025-02-28,A102328,2025-02-28,train,0,0.035330,0.000000,0.028264
A101918_2025-02-28,A101918,2025-02-28,train,0,0.037959,0.000000,0.030367
A100604_2025-02-28,A100604,2025-02-28,train,0,0.034196,0.200000,0.067357
A101209_2025-02-28,A101209,2025-02-28,train,1,0.067568,0.000000,0.054054
A100911_2025-02-28,A100911,2025-02-28,train,0,0.416233,0.950000,0.522986
A100519_2025-02-28,A100519,2025-02-28,train,0,0.033304,0.200000,0.066643
A100864_2025-02-28,A100864,2025-02-28,train,0,0.037760,0.000000,0.030208
A101524_2025-02-28,A101524,2025-02-28,train,0,0.032564,0.200000,0.066051
A102184_2025-02-28,A102184,2025-02-28,train,0,0.034546,0.000000,0.027637
A101000_2025-02-28,A101000,2025-02-28,train,0,0.034542,0.000000,0.027634
A101407_2025-02-28,A101407,2025-02-28,train,0,0.260929,0.600000,0.328743
A101991_2025-02-28,A101991,2025-02-28,train,0,0.032612,0.000000,0.026090
A101901_2025-02-28,A101901,2025-02-28,train,1,0.127601,0.400000,0.182081
A101899_2025-02-28,A101899,2025-02-28,train,0,0.033508,0.000000,0.026806
A101313_2025-02-28,A101313,2025-02-28,train,0,0.037626,0.000000,0.030101
A100563_2025-02-28,A100563,2025-02-28,train,0,0.186461,0.200000,0.189169
A101333_2025-02-28,A101333,2025-02-28,train,0,0.036422,0.000000,0.029138
A101550_2025-02-28,A101550,2025-02-28,train,0,0.035508,0.200000,0.068406
A100886_2025-02-28,A100886,2025-02-28,train,0,0.036383,0.200000,0.069106
A101502_2025-02-28,A101502,2025-02-28,train,1,0.161649,0.350000,0.199319
A100841_2025-02-28,A100841,2025-02-28,train,0,0.037201,0.000000,0.029761
A101009_2025-02-28,A101009,2025-02-28,train,0,0.033350,0.000000,0.026680
A102169_2025-02-28,A102169,2025-02-28,train,0,0.332950,0.550000,0.376360
A102476_2025-02-28,A102476,2025-02-28,train,0,0.035164,0.000000,0.028131
A100804_2025-02-28,A100804,2025-02-28,train,0,0.034149,0.000000,0.027319
A101677_2025-02-28,A101677,2025-02-28,train,0,0.032848,0.000000,0.026278
A101228_2025-02-28,A101228,2025-02-28,train,0,0.036050,0.000000,0.028840
A102231_2025-02-28,A102231,2025-02-28,train,0,0.032121,0.000000,0.025697
A100323_2025-02-28,A100323,2025-02-28,train,0,0.035618,0.000000,0.028494
A100153_2025-03-31,A100153,2025-03-31,train,0,0.033360,0.200000,0.066688
A100999_2025-03-31,A100999,2025-03-31,train,0,0.040374,0.000000,0.032299
A100266_2025-03-31,A100266,2025-03-31,train,1,0.032761,0.000000,0.026209
A101640_2025-03-31,A101640,2025-03-31,train,0,0.155062,0.350000,0.194050
A101276_2025-03-31,A101276,2025-03-31,train,0,0.032504,0.000000,0.026003
A100863_2025-03-31,A100863,2025-03-31,train,0,0.034469,0.000000,0.027575
A101524_2025-03-31,A101524,2025-03-31,train,0,0.035648,0.200000,0.068518
A101873_2025-03-31,A101873,2025-03-31,train,0,0.033325,0.000000,0.026660
A100463_2025-03-31,A100463,2025-03-31,train,0,0.193371,0.200000,0.194697
A102440_2025-03-31,A102440,2025-03-31,train,0,0.038721,0.000000,0.030977
A101278_2025-03-31,A101278,2025-03-31,train,0,0.041310,0.000000,0.033048
A101905_2025-03-31,A101905,2025-03-31,train,0,0.033918,0.000000,0.027134
A100174_2025-03-31,A100174,2025-03-31,train,0,0.177110,0.200000,0.181688
A102282_2025-03-31,A102282,2025-03-31,train,0,0.031997,0.000000,0.025598
A101945_2025-03-31,A101945,2025-03-31,train,0,0.035927,0.000000,0.028742
A102442_2025-03-31,A102442,2025-03-31,train,0,0.036431,0.200000,0.069145
A100593_2025-03-31,A100593,2025-03-31,train,0,0.032729,0.000000,0.026183
A101992_2025-03-31,A101992,2025-03-31,train,0,0.035293,0.000000,0.028234
A100903_2025-03-31,A100903,2025-03-31,train,0,0.037258,0.000000,0.029806
A101562_2025-03-31,A101562,2025-03-31,train,0,0.032262,0.200000,0.065810
A100042_2025-03-31,A100042,2025-03-31,train,0,0.033588,0.000000,0.026870
A102029_2025-03-31,A102029,2025-03-31,train,0,0.037344,0.000000,0.029875
A101597_2025-03-31,A101597,2025-03-31,train,0,0.034366,0.000000,0.027493
A101022_2025-03-31,A101022,2025-03-31,train,0,0.036066,0.000000,0.028853
A102380_2025-03-31,A102380,2025-03-31,train,0,0.264489,0.600000,0.331591
A100145_2025-03-31,A100145,2025-03-31,train,1,0.034289,0.000000,0.027431
A100578_2025-03-31,A100578,2025-03-31,train,0,0.037032,0.000000,0.029626
A101394_2025-03-31,A101394,2025-03-31,train,0,0.034784,0.000000,0.027827
A100063_2025-03-31,A100063,2025-03-31,train,0,0.036469,0.000000,0.029175
A100917_2025-03-31,A100917,2025-03-31,train,0,0.180881,0.200000,0.184705
A101319_2025-03-31,A101319,2025-03-31,train,0,0.039480,0.000000,0.031584
A101063_2025-03-31,A101063,2025-03-31,train,1,0.036059,0.000000,0.028847
A100832_2025-03-31,A100832,2025-03-31,train,0,0.034409,0.200000,0.067527
A101221_2025-03-31,A101221,2025-03-31,train,0,0.038134,0.200000,0.070507
A101445_2025-03-31,A101445,2025-03-31,train,0,0.168370,0.350000,0.204696
A100474_2025-03-31,A100474,2025-03-31,train,0,0.034522,0.200000,0.067618
A101704_2025-03-31,A101704,2025-03-31,train,0,0.036016,0.000000,0.028813
A102113_2025-03-31,A102113,2025-03-31,train,0,0.037621,0.200000,0.070097
A100996_2025-03-31,A100996,2025-03-31,train,1,0.034821,0.200000,0.067857
A100009_2025-03-31,A100009,2025-03-31,train,0,0.031947,0.200000,0.065558
A102201_2025-03-31,A102201,2025-03-31,train,0,0.130620,0.400000,0.184496
A100088_2025-03-31,A100088,2025-03-31,train,1,0.068187,0.000000,0.054550
A101720_2025-03-31,A101720,2025-03-31,train,0,0.032179,0.000000,0.025743
A100669_2025-03-31,A100669,2025-03-31,train,0,0.114022,0.400000,0.171218
A101000_2025-03-31,A101000,2025-03-31,train,0,0.063861,0.000000,0.051089
A100061_2025-03-31,A100061,2025-03-31,train,0,0.319625,0.200000,0.295700
A101448_2025-03-31,A101448,2025-03-31,train,0,0.033057,0.000000,0.026446
A100672_2025-03-31,A100672,2025-03-31,train,0,0.036447,0.200000,0.069158
A101231_2025-03-31,A101231,2025-03-31,train,0,0.035302,0.000000,0.028242
A100022_2025-03-31,A100022,2025-03-31,train,0,0.035036,0.000000,0.028029
A102243_2025-03-31,A102243,2025-03-31,train,0,0.035453,0.200000,0.068362
A100883_2025-03-31,A100883,2025-03-31,train,0,0.038666,0.000000,0.030933
A101477_2025-03-31,A101477,2025-03-31,train,1,0.033300,0.000000,0.026640
A100588_2025-03-31,A100588,2025-03-31,train,0,0.036226,0.200000,0.068981
A100267_2025-03-31,A100267,2025-03-31,train,0,0.034309,0.000000,0.027447
A100518_2025-03-31,A100518,2025-03-31,train,0,0.037969,0.000000,0.030375
A101982_2025-03-31,A101982,2025-03-31,train,0,0.035872,0.000000,0.028698
A102312_2025-03-31,A102312,2025-03-31,train,0,0.035876,0.000000,0.028701
A100040_2025-03-31,A100040,2025-03-31,train,0,0.034268,0.000000,0.027414
A100749_2025-03-31,A100749,2025-03-31,train,0,0.033014,0.200000,0.066411
A102084_2025-03-31,A102084,2025-03-31,train,1,0.032565,0.000000,0.026052
A102280_2025-03-31,A102280,2025-03-31,train,0,0.031987,0.200000,0.065590
A101496_2025-03-31,A101496,2025-03-31,train,0,0.037145,0.000000,0.029716
A100526_2025-03-31,A100526,2025-03-31,train,0,0.036358,0.200000,0.069086
A100617_2025-03-31,A100617,2025-03-31,train,0,0.037825,0.000000,0.030260
A100170_2025-03-31,A100170,2025-03-31,train,0,0.035522,0.200000,0.068418
A101459_2025-03-31,A101459,2025-03-31,train,0,0.035762,0.000000,0.028610
A102373_2025-03-31,A102373,2025-03-31,train,0,0.034852,0.000000,0.027882
A101298_2025-03-31,A101298,2025-03-31,train,0,0.038888,0.000000,0.031110
A100321_2025-03-31,A100321,2025-03-31,train,0,0.194091,0.200000,0.195273
A100098_2025-03-31,A100098,2025-03-31,train,0,0.034735,0.000000,0.027788
A101376_2025-03-31,A101376,2025-03-31,train,0,0.064962,0.000000,0.051970
A100416_2025-03-31,A100416,2025-03-31,train,0,0.182866,0.350000,0.216293
A102270_2025-03-31,A102270,2025-03-31,train,0,0.067207,0.000000,0.053766
A100294_2025-03-31,A100294,2025-03-31,train,0,0.033432,0.200000,0.066746
A101633_2025-03-31,A101633,2025-03-31,train,1,0.034113,0.200000,0.067290
A101731_2025-03-31,A101731,2025-03-31,train,0,0.034628,0.000000,0.027702
A100619_2025-04-30,A100619,2025-04-30,train,0,0.034921,0.200000,0.067937
A102060_2025-04-30,A102060,2025-04-30,train,0,0.036924,0.200000,0.069539
A100025_2025-04-30,A100025,2025-04-30,train,0,0.498011,0.550000,0.508409
A101624_2025-04-30,A101624,2025-04-30,train,1,0.319004,0.200000,0.295203
A100274_2025-04-30,A100274,2025-04-30,train,0,0.036659,0.200000,0.069327
A100271_2025-04-30,A100271,2025-04-30,train,0,0.032552,0.200000,0.066042
A102006_2025-04-30,A102006,2025-04-30,train,0,0.036669,0.000000,0.029335
A101796_2025-04-30,A101796,2025-04-30,train,0,0.037706,0.000000,0.030165
A100787_2025-04-30,A100787,2025-04-30,train,0,0.035691,0.000000,0.028553
A102019_2025-04-30,A102019,2025-04-30,train,0,0.037400,0.000000,0.029920
A102171_2025-04-30,A102171,2025-04-30,train,0,0.038269,0.000000,0.030615
A101628_2025-04-30,A101628,2025-04-30,train,0,0.036094,0.000000,0.028875
A102086_2025-04-30,A102086,2025-04-30,train,0,0.066588,0.000000,0.053270
A102159_2025-04-30,A102159,2025-04-30,train,0,0.036589,0.000000,0.029271
A101069_2025-04-30,A101069,2025-04-30,train,0,0.033325,0.200000,0.066660
A102077_2025-04-30,A102077,2025-04-30,train,0,0.036279,0.000000,0.029023
A100825_2025-04-30,A100825,2025-04-30,train,0,0.160409,0.350000,0.198327
A100812_2025-04-30,A100812,2025-04-30,train,0,0.033903,0.200000,0.067122
A101827_2025-04-30,A101827,2025-04-30,train,0,0.284514,0.600000,0.347611
A102122_2025-04-30,A102122,2025-04-30,train,0,0.316244,0.200000,0.292995
A101684_2025-04-30,A101684,2025-04-30,train,0,0.037141,0.000000,0.029713
A101375_2025-04-30,A101375,2025-04-30,train,0,0.034275,0.000000,0.027420
A100426_2025-04-30,A100426,2025-04-30,train,0,0.033028,0.000000,0.026422
A101757_2025-04-30,A101757,2025-04-30,train,0,0.036529,0.200000,0.069223
A100415_2025-04-30,A100415,2025-04-30,train,0,0.035884,0.000000,0.028707
A101822_2025-04-30,A101822,2025-04-30,train,0,0.036607,0.200000,0.069286
A101540_2025-04-30,A101540,2025-04-30,train,0,0.034285,0.200000,0.067428
A100869_2025-04-30,A100869,2025-04-30,train,0,0.036374,0.000000,0.029099
A101301_2025-04-30,A101301,2025-04-30,train,0,0.311507,0.200000,0.289206
A101784_2025-04-30,A101784,2025-04-30,train,0,0.039168,0.200000,0.071334
A101935_2025-04-30,A101935,2025-04-30,train,0,0.037416,0.200000,0.069933
A100947_2025-04-30,A100947,2025-04-30,train,0,0.036689,0.200000,0.069351
A100553_2025-04-30,A100553,2025-04-30,train,0,0.033750,0.000000,0.027000
A102260_2025-04-30,A102260,2025-04-30,train,0,0.038420,0.000000,0.030736
A101442_2025-04-30,A101442,2025-04-30,train,0,0.064077,0.000000,0.051262
A101953_2025-04-30,A101953,2025-04-30,train,0,0.032868,0.000000,0.026294
A100690_2025-04-30,A100690,2025-04-30,train,0,0.034672,0.200000,0.067738
A101133_2025-04-30,A101133,2025-04-30,train,1,0.036608,0.000000,0.029286
A101738_2025-04-30,A101738,2025-04-30,train,0,0.032958,0.000000,0.026366
A101631_2025-04-30,A101631,2025-04-30,train,0,0.178747,0.200000,0.182998
A101067_2025-04-30,A101067,2025-04-30,train,0,0.218398,0.750000,0.324718
A101803_2025-04-30,A101803,2025-04-30,train,0,0.032376,0.200000,0.065901
A100693_2025-04-30,A100693,2025-04-30,train,0,0.037115,0.000000,0.029692
A101348_2025-04-30,A101348,2025-04-30,train,0,0.035386,0.000000,0.028309
A100333_2025-04-30,A100333,2025-04-30,train,0,0.035783,0.000000,0.028626
A100239_2025-04-30,A100239,2025-04-30,train,0,0.069133,0.000000,0.055306
A100350_2025-04-30,A100350,2025-04-30,train,0,0.035916,0.200000,0.068733
A101230_2025-04-30,A101230,2025-04-30,train,0,0.202037,0.200000,0.201630
A100099_2025-04-30,A100099,2025-04-30,train,0,0.037680,0.200000,0.070144
A101841_2025-04-30,A101841,2025-04-30,train,0,0.034908,0.000000,0.027926
A100605_2025-04-30,A100605,2025-04-30,train,0,0.034398,0.000000,0.027518
A101056_2025-04-30,A101056,2025-04-30,train,0,0.204221,0.200000,0.203377
A100714_2025-04-30,A100714,2025-04-30,train,0,0.033784,0.000000,0.027027
A101496_2025-04-30,A101496,2025-04-30,train,0,0.034091,0.000000,0.027273
A100533_2025-04-30,A100533,2025-04-30,train,0,0.032083,0.000000,0.025666
A101330_2025-04-30,A101330,2025-04-30,train,0,0.034776,0.000000,0.027821
A100222_2025-04-30,A100222,2025-04-30,train,0,0.032970,0.200000,0.066376
A102466_2025-04-30,A102466,2025-04-30,train,0,0.038597,0.000000,0.030878
A101418_2025-04-30,A101418,2025-04-30,train,0,0.037061,0.000000,0.029649
A102243_2025-04-30,A102243,2025-04-30,train,0,0.035458,0.000000,0.028366
A100466_2025-04-30,A100466,2025-04-30,train,0,0.036134,0.200000,0.068907
A101804_2025-04-30,A101804,2025-04-30,train,0,0.035289,0.000000,0.028231
A100303_2025-04-30,A100303,2025-04-30,train,0,0.033770,0.000000,0.027016
A102078_2025-04-30,A102078,2025-04-30,train,0,0.036866,0.200000,0.069493
A101228_2025-04-30,A101228,2025-04-30,train,0,0.034183,0.000000,0.027346
A100191_2025-04-30,A100191,2025-04-30,train,0,0.034560,0.200000,0.067648
A101236_2025-04-30,A101236,2025-04-30,train,0,0.038963,0.000000,0.031170
A100764_2025-04-30,A100764,2025-04-30,train,0,0.037630,0.200000,0.070104
A100167_2025-04-30,A100167,2025-04-30,train,0,0.035503,0.000000,0.028402
A100055_2025-04-30,A100055,2025-04-30,train,0,0.199000,0.200000,0.199200
A100038_2025-04-30,A100038,2025-04-30,train,0,0.036040,0.000000,0.028832
A100093_2025-04-30,A100093,2025-04-30,train,0,0.033820,0.000000,0.027056
A100152_2025-04-30,A100152,2025-04-30,train,0,0.036989,0.000000,0.029591
A102228_2025-04-30,A102228,2025-04-30,train,0,0.037617,0.000000,0.030094
A101787_2025-04-30,A101787,2025-04-30,train,0,0.040325,0.200000,0.072260
A102316_2025-05-31,A102316,2025-05-31,train,0,0.212236,0.200000,0.209789
A101177_2025-05-31,A101177,2025-05-31,train,0,0.066140,0.000000,0.052912
A100351_2025-05-31,A100351,2025-05-31,train,0,0.035344,0.000000,0.028275
A101036_2025-05-31,A101036,2025-05-31,train,0,0.038268,0.200000,0.070614
A100367_2025-05-31,A100367,2025-05-31,train,0,0.034746,0.000000,0.027797
A101246_2025-05-31,A101246,2025-05-31,train,0,0.033374,0.200000,0.066699
A100962_2025-05-31,A100962,2025-05-31,train,0,0.035660,0.000000,0.028528
A101471_2025-05-31,A101471,2025-05-31,train,1,0.316702,0.200000,0.293362
A100274_2025-05-31,A100274,2025-05-31,train,0,0.275328,0.600000,0.340262
A100158_2025-05-31,A100158,2025-05-31,train,1,0.065590,0.000000,0.052472
A101887_2025-05-31,A101887,2025-05-31,train,0,0.064121,0.000000,0.051297
A100673_2025-05-31,A100673,2025-05-31,train,0,0.032287,0.200000,0.065830
A102016_2025-05-31,A102016,2025-05-31,train,0,0.033755,0.000000,0.027004
A100497_2025-05-31,A100497,2025-05-31,train,0,0.035933,0.000000,0.028746
A102342_2025-05-31,A102342,2025-05-31,train,0,0.034301,0.000000,0.027441
A102493_2025-05-31,A102493,2025-05-31,train,1,0.487568,0.550000,0.500054
A101499_2025-05-31,A101499,2025-05-31,train,0,0.036585,0.200000,0.069268
A101202_2025-05-31,A101202,2025-05-31,train,0,0.037347,0.200000,0.069878
A100292_2025-05-31,A100292,2025-05-31,train,0,0.037997,0.200000,0.070398
A100450_2025-05-31,A100450,2025-05-31,train,0,0.033104,0.200000,0.066483
A101802_2025-05-31,A101802,2025-05-31,train,0,0.033027,0.000000,0.026422
A101047_2025-05-31,A101047,2025-05-31,train,0,0.036440,0.000000,0.029152
A100549_2025-05-31,A100549,2025-05-31,train,0,0.038386,0.000000,0.030709
A101780_2025-05-31,A101780,2025-05-31,train,0,0.035166,0.000000,0.028133
A100451_2025-05-31,A100451,2025-05-31,train,0,0.199798,0.200000,0.199838
A100205_2025-05-31,A100205,2025-05-31,train,0,0.032675,0.200000,0.066140
A100232_2025-05-31,A100232,2025-05-31,train,0,0.034310,0.000000,0.027448
A101107_2025-05-31,A101107,2025-05-31,train,0,0.034646,0.000000,0.027717
A102032_2025-05-31,A102032,2025-05-31,train,0,0.066812,0.000000,0.053450
A101181_2025-05-31,A101181,2025-05-31,train,0,0.035278,0.000000,0.028222
A101121_2025-05-31,A101121,2025-05-31,train,0,0.036779,0.200000,0.069423
A101874_2025-05-31,A101874,2025-05-31,train,1,0.361853,0.550000,0.399482
A102481_2025-05-31,A102481,2025-05-31,train,0,0.169261,0.350000,0.205409
A102421_2025-05-31,A102421,2025-05-31,train,0,0.032674,0.200000,0.066139
A101077_2025-05-31,A101077,2025-05-31,train,0,0.035630,0.000000,0.028504
A101141_2025-05-31,A101141,2025-05-31,train,0,0.033516,0.000000,0.026813
A100459_2025-05-31,A100459,2025-05-31,train,0,0.125213,0.400000,0.180170
A101318_2025-05-31,A101318,2025-05-31,train,0,0.040309,0.000000,0.032247
A101885_2025-05-31,A101885,2025-05-31,train,0,0.216592,0.200000,0.213274
A101341_2025-05-31,A101341,2025-05-31,train,0,0.187529,0.200000,0.190023
A102188_2025-05-31,A102188,2025-05-31,train,0,0.034366,0.200000,0.067493
A102083_2025-05-31,A102083,2025-05-31,train,0,0.205374,0.200000,0.204299
A100278_2025-05-31,A100278,2025-05-31,train,0,0.035412,0.200000,0.068330
A101987_2025-05-31,A101987,2025-05-31,train,0,0.033210,0.000000,0.026568
A100165_2025-05-31,A100165,2025-05-31,train,0,0.035468,0.000000,0.028374
A101423_2025-05-31,A101423,2025-05-31,train,0,0.035763,0.200000,0.068610
A100995_2025-05-31,A100995,2025-05-31,train,0,0.034940,0.000000,0.027952
A101654_2025-05-31,A101654,2025-05-31,train,0,0.034708,0.200000,0.067766
A100935_2025-05-31,A100935,2025-05-31,train,0,0.035450,0.000000,0.028360
A100436_2025-05-31,A100436,2025-05-31,train,0,0.035442,0.000000,0.028354
A100553_2025-05-31,A100553,2025-05-31,train,0,0.311298,0.200000,0.289038
A101302_2025-05-31,A101302,2025-05-31,train,0,0.034241,0.000000,0.027393
A100719_2025-05-31,A100719,2025-05-31,train,0,0.036587,0.000000,0.029270
A100387_2025-05-31,A100387,2025-05-31,train,0,0.036101,0.000000,0.028881
A102231_2025-05-31,A102231,2025-05-31,train,0,0.038261,0.200000,0.070609
A100757_2025-05-31,A100757,2025-05-31,train,0,0.038935,0.000000,0.031148
A100290_2025-05-31,A100290,2025-05-31,train,0,0.035734,0.000000,0.028587
A102208_2025-05-31,A102208,2025-05-31,train,0,0.036444,0.000000,0.029155
A102017_2025-05-31,A102017,2025-05-31,train,0,0.033253,0.000000,0.026602
A101960_2025-05-31,A101960,2025-05-31,train,0,0.036706,0.200000,0.069365
A101740_2025-05-31,A101740,2025-05-31,train,0,0.033189,0.000000,0.026551
A101684_2025-05-31,A101684,2025-05-31,train,0,0.034953,0.000000,0.027962
A100726_2025-05-31,A100726,2025-05-31,train,0,0.349012,0.550000,0.389210
A101292_2025-05-31,A101292,2025-05-31,train,0,0.067072,0.000000,0.053658
A100562_2025-05-31,A100562,2025-05-31,train,0,0.037018,0.200000,0.069614
A101755_2025-05-31,A101755,2025-05-31,train,0,0.036211,0.200000,0.068969
A101734_2025-05-31,A101734,2025-05-31,train,0,0.034347,0.200000,0.067478
A101245_2025-05-31,A101245,2025-05-31,train,0,0.038221,0.200000,0.070577
A102355_2025-05-31,A102355,2025-05-31,train,1,0.182855,0.200000,0.186284
A102005_2025-05-31,A102005,2025-05-31,train,0,0.062947,0.000000,0.050358
A100946_2025-05-31,A100946,2025-05-31,train,0,0.035486,0.000000,0.028389
A100429_2025-05-31,A100429,2025-05-31,train,0,0.035669,0.000000,0.028535
A100369_2025-05-31,A100369,2025-05-31,train,0,0.034712,0.200000,0.067770
A101757_2025-05-31,A101757,2025-05-31,train,0,0.036758,0.000000,0.029406
A101326_2025-06-30,A101326,2025-06-30,train,0,0.065941,0.000000,0.052753
A101712_2025-06-30,A101712,2025-06-30,train,0,0.035319,0.000000,0.028255
A100613_2025-06-30,A100613,2025-06-30,train,0,0.033945,0.000000,0.027156
A100916_2025-06-30,A100916,2025-06-30,train,0,0.032906,0.000000,0.026325
A101662_2025-06-30,A101662,2025-06-30,train,0,0.037866,0.000000,0.030293
A101764_2025-06-30,A101764,2025-06-30,train,0,0.036771,0.000000,0.029417
A100759_2025-06-30,A100759,2025-06-30,train,0,0.036776,0.200000,0.069421
A100632_2025-06-30,A100632,2025-06-30,train,0,0.067114,0.000000,0.053691
A101619_2025-06-30,A101619,2025-06-30,train,0,0.033836,0.000000,0.027069
A101700_2025-06-30,A101700,2025-06-30,train,1,0.116252,0.400000,0.173002
A101176_2025-06-30,A101176,2025-06-30,train,0,0.197191,0.200000,0.197753
A100416_2025-06-30,A100416,2025-06-30,train,0,0.035975,0.200000,0.068780
A102189_2025-06-30,A102189,2025-06-30,train,0,0.038292,0.000000,0.030634
A100027_2025-06-30,A100027,2025-06-30,train,0,0.037143,0.000000,0.029714
A102118_2025-06-30,A102118,2025-06-30,train,0,0.032499,0.200000,0.065999
A101798_2025-06-30,A101798,2025-06-30,train,0,0.036539,0.000000,0.029231
A101121_2025-06-30,A101121,2025-06-30,train,0,0.036661,0.000000,0.029329
A101624_2025-06-30,A101624,2025-06-30,train,1,0.037063,0.000000,0.029650
A101628_2025-06-30,A101628,2025-06-30,train,0,0.033326,0.000000,0.026661
A100180_2025-06-30,A100180,2025-06-30,train,0,0.033758,0.000000,0.027006
A101398_2025-06-30,A101398,2025-06-30,train,0,0.033442,0.000000,0.026754
A100693_2025-06-30,A100693,2025-06-30,train,0,0.033045,0.000000,0.026436
A102152_2025-06-30,A102152,2025-06-30,train,0,0.036068,0.000000,0.028854
A100722_2025-06-30,A100722,2025-06-30,train,0,0.034328,0.000000,0.027462
A101430_2025-06-30,A101430,2025-06-30,train,0,0.038382,0.200000,0.070706
A101383_2025-06-30,A101383,2025-06-30,train,0,0.033041,0.200000,0.066433
A101348_2025-06-30,A101348,2025-06-30,train,0,0.035637,0.200000,0.068510
A101484_2025-06-30,A101484,2025-06-30,train,0,0.035631,0.000000,0.028505
A100726_2025-06-30,A100726,2025-06-30,train,0,0.035130,0.000000,0.028104
A101939_2025-06-30,A101939,2025-06-30,train,0,0.036689,0.200000,0.069351
A100775_2025-06-30,A100775,2025-06-30,train,0,0.065158,0.000000,0.052126
A101927_2025-06-30,A101927,2025-06-30,train,0,0.035790,0.200000,0.068632
A100366_2025-06-30,A100366,2025-06-30,train,0,0.035899,0.200000,0.068719
A101500_2025-06-30,A101500,2025-06-30,train,0,0.035373,0.200000,0.068298
A100812_2025-06-30,A100812,2025-06-30,train,0,0.037002,0.200000,0.069602
A100619_2025-06-30,A100619,2025-06-30,train,0,0.035160,0.200000,0.068128
A101775_2025-06-30,A101775,2025-06-30,train,0,0.036314,0.200000,0.069051
A102298_2025-06-30,A102298,2025-06-30,train,0,0.032474,0.200000,0.065979
A100588_2025-06-30,A100588,2025-06-30,train,1,0.034197,0.000000,0.027358
A100366_2025-06-30,A100366,2025-06-30,train,0,0.034159,0.200000,0.067327
A100717_2025-06-30,A100717,2025-06-30,train,0,0.033367,0.000000,0.026694
A100015_2025-06-30,A100015,2025-06-30,train,0,0.037051,0.000000,0.029641
A101872_2025-06-30,A101872,2025-06-30,train,0,0.034756,0.000000,0.027805
A102097_2025-06-30,A102097,2025-06-30,train,0,0.180654,0.200000,0.184523
A102087_2025-06-30,A102087,2025-06-30,train,0,0.034265,0.000000,0.027412
A101257_2025-06-30,A101257,2025-06-30,train,0,0.036623,0.200000,0.069298
A102235_2025-06-30,A102235,2025-06-30,train,1,0.193105,0.200000,0.194484
A100311_2025-06-30,A100311,2025-06-30,train,0,0.040231,0.000000,0.032185
A101417_2025-06-30,A101417,2025-06-30,train,0,0.067264,0.000000,0.053811
A101911_2025-06-30,A101911,2025-06-30,train,0,0.032778,0.200000,0.066222
A100219_2025-06-30,A100219,2025-06-30,train,0,0.033144,0.000000,0.026515
A101926_2025-06-30,A101926,2025-06-30,train,0,0.037145,0.000000,0.029716
A102303_2025-06-30,A102303,2025-06-30,train,0,0.036153,0.000000,0.028922
A102490_2025-06-30,A102490,2025-06-30,train,0,0.037730,0.000000,0.030184
A101026_2025-06-30,A101026,2025-06-30,train,0,0.034858,0.000000,0.027886
A101545_2025-06-30,A101545,2025-06-30,train,0,0.158735,0.350000,0.196988
A102004_2025-06-30,A102004,2025-06-30,train,0,0.038033,0.000000,0.030426
A102457_2025-06-30,A102457,2025-06-30,train,0,0.036582,0.000000,0.029266
A102326_2025-06-30,A102326,2025-06-30,train,0,0.033149,0.200000,0.066519
A102212_2025-06-30,A102212,2025-06-30,train,0,0.031593,0.000000,0.025274
A102466_2025-06-30,A102466,2025-06-30,train,0,0.036055,0.000000,0.028844
A101842_2025-06-30,A101842,2025-06-30,train,0,0.039837,0.200000,0.071870
A101846_2025-06-30,A101846,2025-06-30,train,0,0.038055,0.200000,0.070444
A100365_2025-06-30,A100365,2025-06-30,train,0,0.033025,0.200000,0.066420
A100622_2025-06-30,A100622,2025-06-30,train,0,0.031561,0.200000,0.065249
A100468_2025-06-30,A100468,2025-06-30,train,0,0.035020,0.000000,0.028016
A102413_2025-06-30,A102413,2025-06-30,train,0,0.309747,0.200000,0.287798
A100374_2025-06-30,A100374,2025-06-30,train,0,0.034858,0.000000,0.027886
A101401_2025-06-30,A101401,2025-06-30,train,0,0.032893,0.200000,0.066314
A101641_2025-06-30,A101641,2025-06-30,train,0,0.034364,0.200000,0.067491
A100422_2025-07-31,A100422,2025-07-31,train,0,0.035474,0.200000,0.068379
A102413_2025-07-31,A102413,2025-07-31,train,0,0.033007,0.000000,0.026406
A100928_2025-07-31,A100928,2025-07-31,train,0,0.037882,0.000000,0.030306
A101958_2025-07-31,A101958,2025-07-31,train,1,0.178776,0.200000,0.183021
A101063_2025-07-31,A101063,2025-07-31,train,0,0.035033,0.000000,0.028026
A101249_2025-07-31,A101249,2025-07-31,train,0,0.036833,0.000000,0.029466
A102269_2025-07-31,A102269,2025-07-31,train,0,0.067900,0.000000,0.054320
A100571_2025-07-31,A100571,2025-07-31,train,0,0.034049,0.000000,0.027239
A100776_2025-07-31,A100776,2025-07-31,train,0,0.038348,0.000000,0.030678
A101490_2025-07-31,A101490,2025-07-31,train,0,0.040476,0.000000,0.032381
A100547_2025-07-31,A100547,2025-07-31,train,0,0.128841,0.400000,0.183073
A102256_2025-07-31,A102256,2025-07-31,train,0,0.035668,0.200000,0.068534
A100967_2025-07-31,A100967,2025-07-31,train,0,0.034463,0.000000,0.027570
A102216_2025-07-31,A102216,2025-07-31,train,0,0.034691,0.200000,0.067753
A101563_2025-07-31,A101563,2025-07-31,train,0,0.032778,0.200000,0.066222
A101610_2025-07-31,A101610,2025-07-31,train,0,0.036070,0.200000,0.068856
A101173_2025-07-31,A101173,2025-07-31,train,0,0.033721,0.000000,0.026977
A100565_2025-07-31,A100565,2025-07-31,train,0,0.034887,0.200000,0.067910
A100384_2025-07-31,A100384,2025-07-31,train,0,0.036857,0.200000,0.069486
A100400_2025-07-31,A100400,2025-07-31,train,0,0.035463,0.200000,0.068370
A101834_2025-07-31,A101834,2025-07-31,train,0,0.034695,0.000000,0.027756
A100609_2025-07-31,A100609,2025-07-31,train,0,0.318767,0.550000,0.365014
A101653_2025-07-31,A101653,2025-07-31,train,0,0.115641,0.400000,0.172513
A100395_2025-07-31,A100395,2025-07-31,train,0,0.033489,0.200000,0.066791
A100098_2025-07-31,A100098,2025-07-31,train,0,0.037908,0.350000,0.100326
A101843_2025-07-31,A101843,2025-07-31,train,0,0.033410,0.000000,0.026728
A101053_2025-07-31,A101053,2025-07-31,train,0,0.037565,0.000000,0.030052
A101286_2025-07-31,A101286,2025-07-31,train,0,0.034199,0.000000,0.027359
A101212_2025-07-31,A101212,2025-07-31,train,0,0.034123,0.000000,0.027298
A101648_2025-07-31,A101648,2025-07-31,train,0,0.038180,0.000000,0.030544
A100381_2025-07-31,A100381,2025-07-31,train,0,0.033820,0.200000,0.067056
A101433_2025-07-31,A101433,2025-07-31,train,0,0.034905,0.000000,0.027924
A100103_2025-07-31,A100103,2025-07-31,train,0,0.492753,0.550000,0.504202
A102317_2025-07-31,A102317,2025-07-31,train,1,0.035075,0.000000,0.028060
A100444_2025-07-31,A100444,2025-07-31,train,0,0.270756,0.600000,0.336605
A101736_2025-07-31,A101736,2025-07-31,train,0,0.037091,0.200000,0.069673
A102365_2025-07-31,A102365,2025-07-31,train,0,0.131189,0.400000,0.184951
A101075_2025-07-31,A101075,2025-07-31,train,0,0.038050,0.000000,0.030440
A101771_2025-07-31,A101771,2025-07-31,train,0,0.032502,0.000000,0.026002
A102000_2025-07-31,A102000,2025-07-31,train,0,0.041320,0.000000,0.033056
A100413_2025-07-31,A100413,2025-07-31,train,0,0.035765,0.000000,0.028612
A100346_2025-07-31,A100346,2025-07-31,train,1,0.190822,0.200000,0.192658
A102209_2025-07-31,A102209,2025-07-31,train,0,0.036148,0.200000,0.068918
A101321_2025-07-31,A101321,2025-07-31,train,0,0.068614,0.000000,0.054891
A102289_2025-07-31,A102289,2025-07-31,train,0,0.039658,0.200000,0.071726
A101077_2025-07-31,A101077,2025-07-31,train,1,0.303126,0.200000,0.282501
A100589_2025-07-31,A100589,2025-07-31,train,0,0.034256,0.200000,0.067405
A100057_2025-07-31,A100057,2025-07-31,train,0,0.034229,0.200000,0.067383
A102284_2025-07-31,A102284,2025-07-31,train,0,0.032156,0.000000,0.025725
A101430_2025-07-31,A101430,2025-07-31,train,0,0.036115,0.000000,0.028892
A101542_2025-07-31,A101542,2025-07-31,train,0,0.034570,0.200000,0.067656
A102460_2025-07-31,A102460,2025-07-31,train,0,0.036528,0.200000,0.069222
A102211_2025-07-31,A102211,2025-07-31,train,0,0.039063,0.000000,0.031250
A101789_2025-07-31,A101789,2025-07-31,train,0,0.033826,0.000000,0.027061
A102291_2025-07-31,A102291,2025-07-31,train,0,0.034719,0.000000,0.027775
A100645_2025-07-31,A100645,2025-07-31,train,1,0.491578,0.550000,0.503262
A100098_2025-07-31,A100098,2025-07-31,train,0,0.181398,0.350000,0.215118
A100543_2025-07-31,A100543,2025-07-31,train,0,0.036349,0.000000,0.029079
A100142_2025-07-31,A100142,2025-07-31,train,0,0.033604,0.000000,0.026883
A101374_2025-07-31,A101374,2025-07-31,train,0,0.034968,0.200000,0.067974
A101041_2025-07-31,A101041,2025-07-31,train,0,0.032911,0.000000,0.026329
A101150_2025-07-31,A101150,2025-07-31,train,0,0.068796,0.000000,0.055037
A100085_2025-07-31,A100085,2025-07-31,train,0,0.032186,0.000000,0.025749
A101558_2025-08-31,A101558,2025-08-31,train,0,0.178447,0.350000,0.212758
A100065_2025-08-31,A100065,2025-08-31,train,0,0.039442,0.200000,0.071554
A101087_2025-08-31,A101087,2025-08-31,train,0,0.034773,0.000000,0.027818
A100506_2025-08-31,A100506,2025-08-31,train,1,0.332388,0.550000,0.375910
A101944_2025-08-31,A101944,2025-08-31,train,1,0.332542,0.550000,0.376034
A101966_2025-08-31,A101966,2025-08-31,train,1,0.339003,0.550000,0.381202
A102391_2025-08-31,A102391,2025-08-31,train,0,0.035711,0.000000,0.028569
A100584_2025-08-31,A100584,2025-08-31,train,0,0.035416,0.000000,0.028333
A102152_2025-08-31,A102152,2025-08-31,train,0,0.034733,0.000000,0.027786
A100256_2025-08-31,A100256,2025-08-31,train,0,0.037071,0.000000,0.029657
A100232_2025-08-31,A100232,2025-08-31,train,0,0.034184,0.200000,0.067347
A100362_2025-08-31,A100362,2025-08-31,train,0,0.035483,0.200000,0.068386
A100223_2025-08-31,A100223,2025-08-31,train,0,0.038677,0.200000,0.070942
A100735_2025-08-31,A100735,2025-08-31,train,1,0.035724,0.000000,0.028579
A101304_2025-08-31,A101304,2025-08-31,train,0,0.035133,0.000000,0.028106
A100781_2025-08-31,A100781,2025-08-31,train,0,0.181553,0.200000,0.185242
A102434_2025-08-31,A102434,2025-08-31,train,0,0.031702,0.200000,0.065362
A102043_2025-08-31,A102043,2025-08-31,train,0,0.032884,0.200000,0.066307
A100990_2025-08-31,A100990,2025-08-31,train,0,0.036403,0.000000,0.029122
A102042_2025-08-31,A102042,2025-08-31,train,0,0.040544,0.000000,0.032435
A101855_2025-08-31,A101855,2025-08-31,train,0,0.185096,0.200000,0.188077
A100821_2025-08-31,A100821,2025-08-31,train,0,0.035060,0.000000,0.028048
A101207_2025-08-31,A101207,2025-08-31,train,0,0.031787,0.200000,0.065430
A102000_2025-08-31,A102000,2025-08-31,train,0,0.034144,0.200000,0.067315
A100811_2025-08-31,A100811,2025-08-31,train,0,0.035633,0.200000,0.068506
A102318_2025-08-31,A102318,2025-08-31,train,0,0.034888,0.200000,0.067910
A101840_2025-08-31,A101840,2025-08-31,train,0,0.037661,0.000000,0.030129
A101932_2025-08-31,A101932,2025-08-31,train,0,0.031493,0.200000,0.065194
A100911_2025-08-31,A100911,2025-08-31,train,0,0.032984,0.000000,0.026387
A100711_2025-08-31,A100711,2025-08-31,train,0,0.416928,0.600000,0.453542
A100104_2025-08-31,A100104,2025-08-31,train,0,0.036756,0.200000,0.069405
A100930_2025-08-31,A100930,2025-08-31,train,0,0.035496,0.000000,0.028397
A101274_2025-08-31,A101274,2025-08-31,train,0,0.035928,0.200000,0.068742
A100249_2025-08-31,A100249,2025-08-31,train,0,0.067039,0.000000,0.053631
A100483_2025-08-31,A100483,2025-08-31,train,0,0.173004,0.350000,0.208403
A102090_2025-08-31,A102090,2025-08-31,train,0,0.035072,0.000000,0.028058
A100849_2025-08-31,A100849,2025-08-31,train,0,0.036842,0.000000,0.029474
A102237_2025-08-31,A102237,2025-08-31,train,0,0.034751,0.200000,0.067801
A101255_2025-08-31,A101255,2025-08-31,train,0,0.036712,0.000000,0.029370
A101890_2025-08-31,A101890,2025-08-31,train,0,0.494454,0.550000,0.505563
A100480_2025-08-31,A100480,2025-08-31,train,0,0.036670,0.000000,0.029336
A101753_2025-08-31,A101753,2025-08-31,train,0,0.034007,0.000000,0.027206
A102181_2025-08-31,A102181,2025-08-31,train,0,0.036943,0.000000,0.029554
A102449_2025-08-31,A102449,2025-08-31,train,0,0.038663,0.000000,0.030930
A101992_2025-08-31,A101992,2025-08-31,train,0,0.033751,0.000000,0.027001
A101528_2025-08-31,A101528,2025-08-31,train,0,0.034737,0.200000,0.067790
A101847_2025-08-31,A101847,2025-08-31,train,0,0.035463,0.000000,0.028370
A100512_2025-08-31,A100512,2025-08-31,train,0,0.036538,0.000000,0.029230
A102427_2025-08-31,A102427,2025-08-31,train,0,0.033665,0.200000,0.066932
A100428_2025-08-31,A100428,2025-08-31,train,0,0.037254,0.000000,0.029803
A102208_2025-08-31,A102208,2025-08-31,train,0,0.032527,0.000000,0.026022
A101635_2025-08-31,A101635,2025-08-31,train,0,0.037511,0.000000,0.030009
A101820_2025-08-31,A101820,2025-08-31,train,0,0.038867,0.200000,0.071094
A100507_2025-08-31,A100507,2025-08-31,train,0,0.034110,0.200000,0.067288
A100696_2025-08-31,A100696,2025-08-31,train,0,0.036215,0.200000,0.068972
A101022_2025-08-31,A101022,2025-08-31,train,0,0.038579,0.200000,0.070863
A102109_2025-08-31,A102109,2025-08-31,train,0,0.037793,0.000000,0.030234
A101683_2025-08-31,A101683,2025-08-31,train,0,0.121502,0.400000,0.177202
A101566_2025-08-31,A101566,2025-08-31,train,0,0.038216,0.200000,0.070573
A100372_2025-09-30,A100372,2025-09-30,train,0,0.032213,0.200000,0.065770
A101934_2025-09-30,A101934,2025-09-30,train,0,0.037187,0.000000,0.029750
A100272_2025-09-30,A100272,2025-09-30,train,0,0.037126,0.000000,0.029701
A102158_2025-09-30,A102158,2025-09-30,train,0,0.189859,0.200000,0.191887
A101047_2025-09-30,A101047,2025-09-30,train,0,0.332523,0.550000,0.376018
A100907_2025-09-30,A100907,2025-09-30,train,0,0.033202,0.200000,0.066562
A100760_2025-09-30,A100760,2025-09-30,train,0,0.032587,0.000000,0.026070
A101622_2025-09-30,A101622,2025-09-30,train,0,0.038253,0.000000,0.030602
A100835_2025-09-30,A100835,2025-09-30,train,0,0.035595,0.200000,0.068476
A101437_2025-09-30,A101437,2025-09-30,train,0,0.035789,0.200000,0.068631
A101521_2025-09-30,A101521,2025-09-30,train,0,0.036008,0.200000,0.068806
A101437_2025-09-30,A101437,2025-09-30,train,0,0.031259,0.200000,0.065007
A100638_2025-09-30,A100638,2025-09-30,train,0,0.036343,0.200000,0.069074
A101442_2025-09-30,A101442,2025-09-30,train,0,0.036025,0.000000,0.028820
A100368_2025-09-30,A100368,2025-09-30,train,0,0.036936,0.000000,0.029549
A101807_2025-09-30,A101807,2025-09-30,train,0,0.066590,0.000000,0.053272
A100977_2025-09-30,A100977,2025-09-30,train,0,0.036574,0.000000,0.029259
A101447_2025-09-30,A101447,2025-09-30,train,0,0.034350,0.200000,0.067480
A100411_2025-09-30,A100411,2025-09-30,train,0,0.038678,0.200000,0.070942
A102290_2025-09-30,A102290,2025-09-30,train,1,0.037577,0.200000,0.070062
A101977_2025-09-30,A101977,2025-09-30,train,0,0.033522,0.000000,0.026818
A101029_2025-09-30,A101029,2025-09-30,train,0,0.035861,0.000000,0.028689
A100768_2025-09-30,A100768,2025-09-30,train,0,0.034927,0.200000,0.067942
A100021_2025-09-30,A100021,2025-09-30,train,0,0.032105,0.000000,0.025684
A100444_2025-09-30,A100444,2025-09-30,train,0,0.065730,0.000000,0.052584
A102202_2025-09-30,A102202,2025-09-30,train,0,0.037212,0.000000,0.029770
A102163_2025-09-30,A102163,2025-09-30,train,0,0.037050,0.200000,0.069640
A102205_2025-09-30,A102205,2025-09-30,train,0,0.031720,0.200000,0.065376
A100055_2025-09-30,A100055,2025-09-30,train,0,0.035789,0.000000,0.028631
A100663_2025-09-30,A100663,2025-09-30,train,0,0.034220,0.200000,0.067376
A100743_2025-09-30,A100743,2025-09-30,train,0,0.040264,0.000000,0.032211
A100835_2025-09-30,A100835,2025-09-30,train,0,0.036949,0.200000,0.069559
A101961_2025-09-30,A101961,2025-09-30,train,0,0.184236,0.200000,0.187389
A101873_2025-09-30,A101873,2025-09-30,train,0,0.034719,0.000000,0.027775
A101274_2025-09-30,A101274,2025-09-30,train,0,0.175705,0.200000,0.180564
A100692_2025-09-30,A100692,2025-09-30,train,0,0.035227,0.000000,0.028182
A101301_2025-09-30,A101301,2025-09-30,train,0,0.174247,0.350000,0.209398
A101681_2025-09-30,A101681,2025-09-30,train,0,0.032754,0.200000,0.066203
A101256_2025-09-30,A101256,2025-09-30,train,0,0.036283,0.000000,0.029026
A102205_2025-09-30,A102205,2025-09-30,train,0,0.034377,0.200000,0.067502
A101830_2025-09-30,A101830,2025-09-30,train,0,0.033236,0.200000,0.066589
A101774_2025-09-30,A101774,2025-09-30,train,0,0.034881,0.200000,0.067905
A100786_2025-09-30,A100786,2025-09-30,train,0,0.032834,0.000000,0.026267
A102438_2025-09-30,A102438,2025-09-30,train,0,0.036824,0.000000,0.029459
A101636_2025-09-30,A101636,2025-09-30,train,0,0.032120,0.200000,0.065696
A100762_2025-09-30,A100762,2025-09-30,train,0,0.038266,0.200000,0.070613
A101859_2025-09-30,A101859,2025-09-30,train,0,0.065967,0.000000,0.052774
A102090_2025-09-30,A102090,2025-09-30,train,0,0.035156,0.200000,0.068125
A100386_2025-09-30,A100386,2025-09-30,train,0,0.037477,0.000000,0.029982
A100808_2025-09-30,A100808,2025-09-30,train,0,0.035584,0.000000,0.028467
A101117_2025-09-30,A101117,2025-09-30,train,0,0.032956,0.000000,0.026365
A100464_2025-09-30,A100464,2025-09-30,train,0,0.036196,0.000000,0.028957
A101129_2025-09-30,A101129,2025-09-30,train,0,0.035689,0.000000,0.028551
A102025_2025-09-30,A102025,2025-09-30,train,0,0.037629,0.200000,0.070103
A100002_2025-09-30,A100002,2025-09-30,train,0,0.036120,0.000000,0.028896
A101762_2025-09-30,A101762,2025-09-30,train,0,0.035960,0.200000,0.068768
A102225_2025-09-30,A102225,2025-09-30,train,0,0.035975,0.000000,0.028780
A100004_2025-09-30,A100004,2025-09-30,train,0,0.035299,0.200000,0.068239
A100854_2025-09-30,A100854,2025-09-30,train,0,0.034576,0.200000,0.067661
A102220_2025-09-30,A102220,2025-09-30,train,0,0.034148,0.000000,0.027318
A100674_2025-09-30,A100674,2025-09-30,train,0,0.121794,0.400000,0.177435
A101377_2025-09-30,A101377,2025-09-30,train,0,0.034086,0.200000,0.067269
A102046_2025-09-30,A102046,2025-09-30,train,0,0.035374,0.000000,0.028299
A101464_2025-09-30,A101464,2025-09-30,train,0,0.033055,0.200000,0.066444
A100315_2025-09-30,A100315,2025-09-30,train,0,0.039381,0.000000,0.031505
A102402_2025-09-30,A102402,2025-09-30,train,0,0.064892,0.000000,0.051914
A102106_2025-09-30,A102106,2025-09-30,train,0,0.164952,0.350000,0.201962
A101663_2025-09-30,A101663,2025-09-30,train,0,0.033194,0.000000,0.026555
A100636_2025-09-30,A100636,2025-09-30,train,0,0.032472,0.000000,0.025978
A101246_2025-09-30,A101246,2025-09-30,train,0,0.031445,0.000000,0.025156
A100548_2025-09-30,A100548,2025-09-30,train,0,0.032178,0.000000,0.025742
A101203_2025-09-30,A101203,2025-09-30,train,0,0.034911,0.200000,0.067929
A100817_2025-09-30,A100817,2025-09-30,train,0,0.033646,0.000000,0.026917
A101640_2025-09-30,A101640,2025-09-30,train,0,0.033255,0.000000,0.026604
A100726_2025-09-30,A100726,2025-09-30,train,0,0.035792,0.000000,0.028634
A102043_2025-09-30,A102043,2025-09-30,train,0,0.035651,0.200000,0.068521
A100128_2025-09-30,A100128,2025-09-30,train,0,0.323404,0.200000,0.298723
A100545_2025-10-31,A100545,2025-10-31,train,0,0.038863,0.000000,0.031090
A100816_2025-10-31,A100816,2025-10-31,train,0,0.037559,0.200000,0.070047
A100743_2025-10-31,A100743,2025-10-31,train,0,0.035541,0.000000,0.028433
A100296_2025-10-31,A100296,2025-10-31,train,0,0.036614,0.200000,0.069291
A102115_2025-10-31,A102115,2025-10-31,train,0,0.034768,0.000000,0.027814
A100197_2025-10-31,A100197,2025-10-31,train,0,0.034278,0.200000,0.067422
A100027_2025-10-31,A100027,2025-10-31,train,0,0.032224,0.000000,0.025779
A100358_2025-10-31,A100358,2025-10-31,train,0,0.032201,0.000000,0.025761
A101034_2025-10-31,A101034,2025-10-31,train,0,0.177439,0.200000,0.181951
A100359_2025-10-31,A100359,2025-10-31,train,0,0.037471,0.000000,0.029977
A101444_2025-10-31,A101444,2025-10-31,train,0,0.133821,0.400000,0.187057
A100134_2025-10-31,A100134,2025-10-31,train,0,0.066480,0.000000,0.053184
A100374_2025-10-31,A100374,2025-10-31,train,0,0.034807,0.200000,0.067846
A100458_2025-10-31,A100458,2025-10-31,train,0,0.035879,0.000000,0.028703
A102270_2025-10-31,A102270,2025-10-31,train,0,0.036929,0.000000,0.029543
A102290_2025-10-31,A102290,2025-10-31,train,1,0.199957,0.200000,0.199966
A102228_2025-10-31,A102228,2025-10-31,train,0,0.040899,0.000000,0.032719
A100166_2025-10-31,A100166,2025-10-31,train,0,0.034372,0.000000,0.027498
A101475_2025-10-31,A101475,2025-10-31,train,0,0.033397,0.000000,0.026718
A101560_2025-10-31,A101560,2025-10-31,train,0,0.039473,0.000000,0.031578
A100919_2025-10-31,A100919,2025-10-31,train,0,0.035127,0.000000,0.028102
A100855_2025-10-31,A100855,2025-10-31,train,1,0.190455,0.200000,0.192364
A100258_2025-10-31,A100258,2025-10-31,train,0,0.034450,0.200000,0.067560
A100790_2025-10-31,A100790,2025-10-31,train,0,0.038745,0.000000,0.030996
A101335_2025-10-31,A101335,2025-10-31,train,0,0.114840,0.400000,0.171872
A100681_2025-10-31,A100681,2025-10-31,train,0,0.034271,0.200000,0.067417
A100060_2025-10-31,A100060,2025-10-31,train,0,0.032553,0.200000,0.066042
A101870_2025-10-31,A101870,2025-10-31,train,1,0.122065,0.400000,0.177652
A102296_2025-10-31,A102296,2025-10-31,train,0,0.039073,0.200000,0.071258
A100329_2025-10-31,A100329,2025-10-31,train,0,0.034860,0.000000,0.027888
A100507_2025-10-31,A100507,2025-10-31,train,0,0.033180,0.000000,0.026544
A102387_2025-10-31,A102387,2025-10-31,train,0,0.034256,0.000000,0.027405
A102178_2025-10-31,A102178,2025-10-31,train,0,0.036708,0.000000,0.029366
A100949_2025-10-31,A100949,2025-10-31,train,0,0.036446,0.000000,0.029157
A102465_2025-10-31,A102465,2025-10-31,train,0,0.035256,0.000000,0.028205
A100087_2025-10-31,A100087,2025-10-31,train,0,0.033791,0.000000,0.027033
A101347_2025-10-31,A101347,2025-10-31,train,0,0.035000,0.200000,0.068000
A101917_2025-10-31,A101917,2025-10-31,train,0,0.039809,0.200000,0.071847
A100954_2025-10-31,A100954,2025-10-31,train,0,0.034188,0.200000,0.067350
A102100_2025-10-31,A102100,2025-10-31,train,0,0.202813,0.200000,0.202250
A100210_2025-10-31,A100210,2025-10-31,train,1,0.036848,0.000000,0.029478
A102110_2025-10-31,A102110,2025-10-31,train,0,0.036120,0.200000,0.068896
A100446_2025-10-31,A100446,2025-10-31,train,0,0.035896,0.000000,0.028717
A100494_2025-10-31,A100494,2025-10-31,train,0,0.035744,0.200000,0.068595
A100379_2025-10-31,A100379,2025-10-31,train,0,0.034878,0.000000,0.027902
A101095_2025-10-31,A101095,2025-10-31,train,0,0.314627,0.200000,0.291702
A101391_2025-10-31,A101391,2025-10-31,train,0,0.188907,0.200000,0.191126
A101352_2025-10-31,A101352,2025-10-31,train,0,0.037667,0.000000,0.030134
A102353_2025-10-31,A102353,2025-10-31,train,0,0.034602,0.200000,0.067682
A102235_2025-10-31,A102235,2025-10-31,train,0,0.033861,0.200000,0.067089
A102233_2025-10-31,A102233,2025-10-31,train,0,0.036482,0.000000,0.029186
A100358_2025-10-31,A100358,2025-10-31,train,0,0.033208,0.000000,0.026566
A100713_2025-10-31,A100713,2025-10-31,train,0,0.038640,0.000000,0.030912
A101105_2025-10-31,A101105,2025-10-31,train,0,0.037240,0.000000,0.029792
A102061_2025-10-31,A102061,2025-10-31,train,0,0.036083,0.200000,0.068866
A100317_2025-11-30,A100317,2025-11-30,train,1,0.441756,0.950000,0.543405
A102402_2025-11-30,A102402,2025-11-30,train,0,0.033780,0.000000,0.027024
A102240_2025-11-30,A102240,2025-11-30,train,0,0.033466,0.000000,0.026773
A101128_2025-11-30,A101128,2025-11-30,train,1,0.189635,0.200000,0.191708
A100035_2025-11-30,A100035,2025-11-30,train,0,0.034344,0.000000,0.027475
A100210_2025-11-30,A100210,2025-11-30,train,1,0.121565,0.400000,0.177252
A101977_2025-11-30,A101977,2025-11-30,train,0,0.033278,0.200000,0.066622
A100156_2025-11-30,A100156,2025-11-30,train,0,0.036620,0.000000,0.029296
A101720_2025-11-30,A101720,2025-11-30,train,1,0.179802,0.350000,0.213842
A102336_2025-11-30,A102336,2025-11-30,train,0,0.239999,0.750000,0.341999
A101844_2025-11-30,A101844,2025-11-30,train,0,0.039093,0.200000,0.071274
A102244_2025-11-30,A102244,2025-11-30,train,0,0.037289,0.000000,0.029831
A101352_2025-11-30,A101352,2025-11-30,train,0,0.032747,0.000000,0.026198
A101439_2025-11-30,A101439,2025-11-30,train,0,0.033645,0.000000,0.026916
A100660_2025-11-30,A100660,2025-11-30,train,0,0.034490,0.000000,0.027592
A100777_2025-11-30,A100777,2025-11-30,train,0,0.040527,0.200000,0.072422
A101459_2025-11-30,A101459,2025-11-30,train,0,0.417820,0.600000,0.454256
A100560_2025-11-30,A100560,2025-11-30,train,0,0.037791,0.200000,0.070233
A101622_2025-11-30,A101622,2025-11-30,train,0,0.035801,0.000000,0.028641
A100061_2025-11-30,A100061,2025-11-30,train,0,0.033645,0.200000,0.066916
A100546_2025-11-30,A100546,2025-11-30,train,0,0.035281,0.000000,0.028225
A101812_2025-11-30,A101812,2025-11-30,train,0,0.039841,0.200000,0.071873
A100209_2025-11-30,A100209,2025-11-30,train,1,0.408131,0.950000,0.516505
A100630_2025-11-30,A100630,2025-11-30,train,0,0.036387,0.000000,0.029110
A101146_2025-11-30,A101146,2025-11-30,train,0,0.032457,0.200000,0.065966
A100930_2025-11-30,A100930,2025-11-30,train,0,0.040981,0.000000,0.032785
A101967_2025-11-30,A101967,2025-11-30,train,0,0.036100,0.200000,0.068880
A100715_2025-11-30,A100715,2025-11-30,train,0,0.036421,0.000000,0.029137
A101682_2025-11-30,A101682,2025-11-30,train,0,0.036003,0.000000,0.028802
A100455_2025-11-30,A100455,2025-11-30,train,0,0.033265,0.200000,0.066612
A102381_2025-11-30,A102381,2025-11-30,train,0,0.033302,0.200000,0.066642
A100608_2025-11-30,A100608,2025-11-30,train,0,0.168033,0.350000,0.204426
A102269_2025-11-30,A102269,2025-11-30,train,0,0.067229,0.000000,0.053783
A102111_2025-11-30,A102111,2025-11-30,train,0,0.120683,0.400000,0.176546
A102128_2025-11-30,A102128,2025-11-30,train,0,0.034349,0.200000,0.067479
A100007_2025-11-30,A100007,2025-11-30,train,0,0.037149,0.200000,0.069719
A100987_2025-11-30,A100987,2025-11-30,train,0,0.034734,0.000000,0.027787
A102377_2025-11-30,A102377,2025-11-30,train,0,0.036732,0.000000,0.029386
A100927_2025-11-30,A100927,2025-11-30,train,0,0.031924,0.000000,0.025539
A101968_2025-11-30,A101968,2025-11-30,train,0,0.314812,0.200000,0.291850
A100906_2025-11-30,A100906,2025-11-30,train,0,0.035068,0.000000,0.028054
A101403_2025-11-30,A101403,2025-11-30,train,0,0.032830,0.200000,0.066264
A100508_2025-11-30,A100508,2025-11-30,train,0,0.034566,0.200000,0.067653
A101618_2025-11-30,A101618,2025-11-30,train,0,0.033904,0.000000,0.027123
A102479_2025-11-30,A102479,2025-11-30,train,0,0.034900,0.200000,0.067920
A100950_2025-11-30,A100950,2025-11-30,train,0,0.038857,0.000000,0.031086
A101493_2025-11-30,A101493,2025-11-30,train,0,0.034816,0.000000,0.027853
A101973_2025-11-30,A101973,2025-11-30,train,0,0.036288,0.000000,0.029030
A101308_2025-11-30,A101308,2025-11-30,train,0,0.034829,0.000000,0.027863
A100879_2025-11-30,A100879,2025-11-30,train,0,0.032818,0.200000,0.066254
A101401_2025-11-30,A101401,2025-11-30,train,0,0.031599,0.200000,0.065279
A102313_2025-11-30,A102313,2025-11-30,train,0,0.040063,0.000000,0.032050
A101981_2025-11-30,A101981,2025-11-30,train,0,0.037142,0.200000,0.069714
A100152_2025-11-30,A100152,2025-11-30,train,0,0.032494,0.000000,0.025995
A101338_2025-11-30,A101338,2025-11-30,train,0,0.033837,0.000000,0.027070
A102081_2025-11-30,A102081,2025-11-30,train,0,0.033575,0.000000,0.026860
A101856_2025-11-30,A101856,2025-11-30,train,0,0.036969,0.000000,0.029575
A100386_2025-11-30,A100386,2025-11-30,train,1,0.067315,0.000000,0.053852
A100221_2025-11-30,A100221,2025-11-30,train,0,0.032496,0.000000,0.025997
A101033_2025-12-31,A101033,2025-12-31,train,0,0.036469,0.000000,0.029175
A102059_2025-12-31,A102059,2025-12-31,train,0,0.037899,0.000000,0.030319
A100079_2025-12-31,A100079,2025-12-31,train,0,0.035454,0.000000,0.028363
A101531_2025-12-31,A101531,2025-12-31,train,1,0.182591,0.200000,0.186073
A101139_2025-12-31,A101139,2025-12-31,train,0,0.035569,0.200000,0.068455
A102303_2025-12-31,A102303,2025-12-31,train,0,0.039118,0.000000,0.031294
A100662_2025-12-31,A100662,2025-12-31,train,0,0.249594,0.600000,0.319675
A101337_2025-12-31,A101337,2025-12-31,train,0,0.037389,0.000000,0.029911
A100599_2025-12-31,A100599,2025-12-31,train,0,0.033278,0.000000,0.026622
A100575_2025-12-31,A100575,2025-12-31,train,0,0.034062,0.200000,0.067250
A101199_2025-12-31,A101199,2025-12-31,train,0,0.037109,0.000000,0.029687
A102321_2025-12-31,A102321,2025-12-31,train,0,0.036542,0.200000,0.069234
A102457_2025-12-31,A102457,2025-12-31,train,0,0.034517,0.200000,0.067614
A101250_2025-12-31,A101250,2025-12-31,train,0,0.180015,0.200000,0.184012
A100273_2025-12-31,A100273,2025-12-31,train,0,0.033385,0.000000,0.026708
A101729_2025-12-31,A101729,2025-12-31,train,0,0.037108,0.000000,0.029686
A100245_2025-12-31,A100245,2025-12-31,train,0,0.032779,0.000000,0.026223
A100408_2025-12-31,A100408,2025-12-31,train,0,0.034413,0.200000,0.067530
A100024_2025-12-31,A100024,2025-12-31,train,0,0.038599,0.000000,0.030879
A100362_2025-12-31,A100362,2025-12-31,train,0,0.034576,0.200000,0.067661
A101624_2025-12-31,A101624,2025-12-31,train,0,0.167502,0.350000,0.204002
A101938_2025-12-31,A101938,2025-12-31,train,0,0.036464,0.200000,0.069171
A101051_2025-12-31,A101051,2025-12-31,train,0,0.034625,0.000000,0.027700
A100704_2025-12-31,A100704,2025-12-31,train,0,0.039342,0.000000,0.031474
A101027_2025-12-31,A101027,2025-12-31,train,0,0.034975,0.000000,0.027980
A100717_2025-12-31,A100717,2025-12-31,train,0,0.037750,0.000000,0.030200
A102360_2025-12-31,A102360,2025-12-31,train,0,0.033386,0.200000,0.066709
A101461_2025-12-31,A101461,2025-12-31,train,0,0.177640,0.200000,0.182112
A100855_2025-12-31,A100855,2025-12-31,train,1,0.067312,0.000000,0.053850
A100979_2025-12-31,A100979,2025-12-31,train,0,0.033329,0.200000,0.066663
A101860_2025-12-31,A101860,2025-12-31,train,0,0.033281,0.000000,0.026625
A100280_2025-12-31,A100280,2025-12-31,train,0,0.032691,0.200000,0.066153
A102101_2025-12-31,A102101,2025-12-31,train,0,0.312495,0.200000,0.289996
A100949_2025-12-31,A100949,2025-12-31,train,0,0.039805,0.000000,0.031844
A100224_2025-12-31,A100224,2025-12-31,train,0,0.032592,0.000000,0.026074
A100877_2025-12-31,A100877,2025-12-31,train,0,0.035414,0.200000,0.068331
A102224_2025-12-31,A102224,2025-12-31,train,0,0.038505,0.200000,0.070804
A101674_2025-12-31,A101674,2025-12-31,train,0,0.034875,0.000000,0.027900
A100363_2025-12-31,A100363,2025-12-31,train,0,0.036758,0.000000,0.029406
A100162_2025-12-31,A100162,2025-12-31,train,0,0.039354,0.200000,0.071483
A100646_2025-12-31,A100646,2025-12-31,train,1,0.495846,0.550000,0.506677
A100539_2025-12-31,A100539,2025-12-31,train,0,0.034263,0.200000,0.067410
A102088_2025-12-31,A102088,2025-12-31,train,0,0.033887,0.200000,0.067110
A101959_2025-12-31,A101959,2025-12-31,train,0,0.037395,0.000000,0.029916
A102347_2025-12-31,A102347,2025-12-31,train,0,0.032442,0.000000,0.025954
A101013_2025-12-31,A101013,2025-12-31,train,0,0.185671,0.200000,0.188537
A100215_2025-12-31,A100215,2025-12-31,train,0,0.035199,0.000000,0.028159
A102136_2025-12-31,A102136,2025-12-31,train,0,0.033343,0.000000,0.026674
A101694_2025-12-31,A101694,2025-12-31,train,0,0.034217,0.200000,0.067374
A101744_2025-12-31,A101744,2025-12-31,train,0,0.198351,0.200000,0.198681
A100853_2025-12-31,A100853,2025-12-31,train,0,0.038875,0.000000,0.031100
A101215_2025-12-31,A101215,2025-12-31,train,0,0.034532,0.000000,0.027626
A101160_2025-12-31,A101160,2025-12-31,train,0,0.305780,0.200000,0.284624
A101960_2025-12-31,A101960,2025-12-31,train,0,0.032797,0.200000,0.066238
A100409_2025-12-31,A100409,2025-12-31,train,0,0.035291,0.200000,0.068233
A100528_2025-12-31,A100528,2025-12-31,train,0,0.205330,0.200000,0.204264
A100267_2025-12-31,A100267,2025-12-31,train,0,0.032773,0.200000,0.066218
A101785_2025-12-31,A101785,2025-12-31,train,0,0.033443,0.000000,0.026754
A101653_2025-12-31,A101653,2025-12-31,train,0,0.036978,0.000000,0.029582
A101384_2025-12-31,A101384,2025-12-31,train,0,0.125535,0.000000,0.100428
A100075_2025-12-31,A100075,2025-12-31,train,0,0.252772,0.600000,0.322218
A102123_2025-12-31,A102123,2025-12-31,train,0,0.034560,0.000000,0.027648
A100828_2025-12-31,A100828,2025-12-31,train,0,0.036298,0.000000,0.029038
A101329_2025-12-31,A101329,2025-12-31,train,0,0.175888,0.350000,0.210710
A100829_2025-12-31,A100829,2025-12-31,train,0,0.032749,0.000000,0.026199
A102171_2025-12-31,A102171,2025-12-31,train,0,0.034363,0.200000,0.067490
A102201_2025-12-31,A102201,2025-12-31,train,0,0.032647,0.000000,0.026118
A100383_2025-12-31,A100383,2025-12-31,train,0,0.033574,0.200000,0.066859
A100192_2025-12-31,A100192,2025-12-31,train,0,0.033448,0.200000,0.066758
A100553_2025-12-31,A100553,2025-12-31,train,0,0.033276,0.000000,0.026621
A102246_2025-12-31,A102246,2025-12-31,train,0,0.036707,0.000000,0.029366
A102230_2025-12-31,A102230,2025-12-31,train,0,0.034761,0.000000,0.027809
A100478_2025-12-31,A100478,2025-12-31,train,0,0.034895,0.000000,0.027916
A101693_2025-12-31,A101693,2025-12-31,train,0,0.035416,0.200000,0.068333
A102453_2025-12-31,A102453,2025-12-31,train,0,0.179707,0.200000,0.183766
A101384_2025-12-31,A101384,2025-12-31,train,0,0.034212,0.000000,0.027370
A100874_2025-12-31,A100874,2025-12-31,train,0,0.036296,0.000000,0.029037
A101296_2025-12-31,A101296,2025-12-31,train,0,0.065500,0.000000,0.052400
A102306_2025-12-31,A102306,2025-12-31,train,0,0.037941,0.000000,0.030353
A101865_2025-12-31,A101865,2025-12-31,train,0,0.154892,0.350000,0.193914
A101165_2026-01-31,A101165,2026-01-31,train,0,0.038001,0.000000,0.030401
A100777_2026-01-31,A100777,2026-01-31,train,0,0.035899,0.000000,0.028719
A101136_2026-01-31,A101136,2026-01-31,train,0,0.038654,0.000000,0.030923
A101388_2026-01-31,A101388,2026-01-31,train,0,0.034598,0.200000,0.067678
A101907_2026-01-31,A101907,2026-01-31,train,0,0.040612,0.000000,0.032490
A101663_2026-01-31,A101663,2026-01-31,train,0,0.175919,0.200000,0.180735
A100198_2026-01-31,A100198,2026-01-31,train,0,0.037093,0.200000,0.069674
A100270_2026-01-31,A100270,2026-01-31,train,0,0.034005,0.200000,0.067204
A100103_2026-01-31,A100103,2026-01-31,train,0,0.035549,0.200000,0.068439
A100349_2026-01-31,A100349,2026-01-31,train,0,0.203604,0.200000,0.202883
A101907_2026-01-31,A101907,2026-01-31,train,0,0.067574,0.000000,0.054059
A100478_2026-01-31,A100478,2026-01-31,train,0,0.036974,0.000000,0.029579
A101008_2026-01-31,A101008,2026-01-31,train,0,0.035949,0.000000,0.028759
A100397_2026-01-31,A100397,2026-01-31,train,0,0.036570,0.000000,0.029256
A102306_2026-01-31,A102306,2026-01-31,train,0,0.035925,0.200000,0.068740
A102046_2026-01-31,A102046,2026-01-31,train,0,0.034109,0.200000,0.067287
A102300_2026-01-31,A102300,2026-01-31,train,0,0.035071,0.000000,0.028057
A100601_2026-01-31,A100601,2026-01-31,train,0,0.035993,0.000000,0.028794
A101916_2026-01-31,A101916,2026-01-31,train,0,0.038632,0.000000,0.030906
A101465_2026-01-31,A101465,2026-01-31,train,0,0.038029,0.200000,0.070423
A101402_2026-01-31,A101402,2026-01-31,train,0,0.034197,0.000000,0.027358
A100421_2026-01-31,A100421,2026-01-31,train,0,0.068155,0.000000,0.054524
A100973_2026-01-31,A100973,2026-01-31,train,0,0.164862,0.350000,0.201890
A102376_2026-01-31,A102376,2026-01-31,train,0,0.033674,0.200000,0.066939
A101282_2026-01-31,A101282,2026-01-31,train,0,0.063622,0.000000,0.050898
A101783_2026-01-31,A101783,2026-01-31,train,1,0.036769,0.000000,0.029415
A101568_2026-01-31,A101568,2026-01-31,train,0,0.035914,0.000000,0.028731
A100322_2026-01-31,A100322,2026-01-31,train,0,0.033459,0.000000,0.026767
A101328_2026-01-31,A101328,2026-01-31,train,0,0.041442,0.000000,0.033154
A101380_2026-01-31,A101380,2026-01-31,train,0,0.037717,0.000000,0.030174
A100234_2026-01-31,A100234,2026-01-31,train,0,0.036529,0.200000,0.069223
A102301_2026-01-31,A102301,2026-01-31,train,0,0.035724,0.000000,0.028579
A100952_2026-01-31,A100952,2026-01-31,train,0,0.035015,0.000000,0.028012
A101952_2026-01-31,A101952,2026-01-31,train,0,0.037494,0.000000,0.029995
A102110_2026-01-31,A102110,2026-01-31,train,0,0.035167,0.200000,0.068134
A100595_2026-01-31,A100595,2026-01-31,train,0,0.033879,0.200000,0.067103
A100068_2026-01-31,A100068,2026-01-31,train,0,0.065636,0.000000,0.052509
A100656_2026-01-31,A100656,2026-01-31,train,0,0.033617,0.200000,0.066894
A100811_2026-01-31,A100811,2026-01-31,train,0,0.036937,0.000000,0.029550
A101838_2026-01-31,A101838,2026-01-31,train,0,0.039176,0.200000,0.071341
A101470_2026-01-31,A101470,2026-01-31,train,0,0.034235,0.000000,0.027388
A102092_2026-01-31,A102092,2026-01-31,train,1,0.035670,0.200000,0.068536
A101537_2026-01-31,A101537,2026-01-31,train,0,0.178775,0.200000,0.183020
A101261_2026-01-31,A101261,2026-01-31,train,0,0.035340,0.000000,0.028272
A100718_2026-01-31,A100718,2026-01-31,train,0,0.036283,0.000000,0.029026
A102463_2026-01-31,A102463,2026-01-31,train,0,0.032667,0.200000,0.066134
A101804_2026-01-31,A101804,2026-01-31,train,0,0.032063,0.200000,0.065650
A102051_2026-01-31,A102051,2026-01-31,train,0,0.033428,0.000000,0.026742
A101653_2026-01-31,A101653,2026-01-31,train,0,0.034328,0.000000,0.027462
A100511_2026-01-31,A100511,2026-01-31,train,0,0.038815,0.000000,0.031052
A100984_2026-01-31,A100984,2026-01-31,train,0,0.032338,0.200000,0.065870
A101935_2026-01-31,A101935,2026-01-31,train,0,0.036559,0.000000,0.029247
A101078_2026-01-31,A101078,2026-01-31,train,1,0.201590,0.200000,0.201272
A102467_2026-01-31,A102467,2026-01-31,train,0,0.336525,0.550000,0.379220
A100430_2026-01-31,A100430,2026-01-31,train,0,0.040933,0.000000,0.032746
A100844_2026-01-31,A100844,2026-01-31,train,0,0.036320,0.000000,0.029056
A101957_2026-01-31,A101957,2026-01-31,train,0,0.034069,0.400000,0.107255
A100656_2026-01-31,A100656,2026-01-31,train,0,0.033894,0.200000,0.067115
A102223_2026-01-31,A102223,2026-01-31,train,0,0.036304,0.000000,0.029043
A100993_2026-01-31,A100993,2026-01-31,train,0,0.034060,0.000000,0.027248
A100548_2026-01-31,A100548,2026-01-31,train,1,0.124130,0.400000,0.179304
A100277_2026-01-31,A100277,2026-01-31,train,1,0.067178,0.000000,0.053742
A101273_2026-01-31,A101273,2026-01-31,train,0,0.034081,0.000000,0.027265
A100720_2026-01-31,A100720,2026-01-31,train,0,0.033344,0.000000,0.026675
A102314_2026-01-31,A102314,2026-01-31,train,0,0.033403,0.000000,0.026722
A100742_2026-01-31,A100742,2026-01-31,train,0,0.035993,0.200000,0.068794
A101957_2026-01-31,A101957,2026-01-31,train,0,0.141191,0.400000,0.192953
A102159_2026-01-31,A102159,2026-01-31,train,0,0.032566,0.000000,0.026053
A100739_2026-01-31,A100739,2026-01-31,train,0,0.033599,0.000000,0.026879
A100247_2026-01-31,A100247,2026-01-31,train,0,0.035224,0.000000,0.028179
A101210_2026-01-31,A101210,2026-01-31,train,0,0.034597,0.000000,0.027678
A100529_2026-01-31,A100529,2026-01-31,train,0,0.039257,0.000000,0.031406
A101839_2026-02-28,A101839,2026-02-28,train,0,0.032010,0.000000,0.025608
A101897_2026-02-28,A101897,2026-02-28,train,1,0.189353,0.200000,0.191482
A100572_2026-02-28,A100572,2026-02-28,train,0,0.191885,0.200000,0.193508
A100635_2026-02-28,A100635,2026-02-28,train,0,0.035018,0.000000,0.028014
A101846_2026-02-28,A101846,2026-02-28,train,0,0.036685,0.200000,0.069348
A100082_2026-02-28,A100082,2026-02-28,train,0,0.032413,0.200000,0.065930
A100785_2026-02-28,A100785,2026-02-28,train,0,0.035341,0.000000,0.028273
A101015_2026-02-28,A101015,2026-02-28,train,0,0.034204,0.200000,0.067363
A101724_2026-02-28,A101724,2026-02-28,train,0,0.033234,0.200000,0.066587
A102128_2026-02-28,A102128,2026-02-28,train,0,0.032444,0.000000,0.025955
A100148_2026-02-28,A100148,2026-02-28,train,0,0.036524,0.000000,0.029219
A101313_2026-02-28,A101313,2026-02-28,train,0,0.032793,0.000000,0.026234
A100521_2026-02-28,A100521,2026-02-28,train,0,0.038429,0.000000,0.030743
A100770_2026-02-28,A100770,2026-02-28,train,0,0.037701,0.000000,0.030161
A100516_2026-02-28,A100516,2026-02-28,train,0,0.039479,0.000000,0.031583
A101439_2026-02-28,A101439,2026-02-28,train,1,0.181298,0.200000,0.185038
A101837_2026-02-28,A101837,2026-02-28,train,0,0.038127,0.200000,0.070502
A102255_2026-02-28,A102255,2026-02-28,train,0,0.036604,0.000000,0.029283
A102448_2026-02-28,A102448,2026-02-28,train,0,0.035005,0.000000,0.028004
A101540_2026-02-28,A101540,2026-02-28,train,1,0.240711,0.600000,0.312569
A100945_2026-02-28,A100945,2026-02-28,train,0,0.037833,0.000000,0.030266
A101687_2026-02-28,A101687,2026-02-28,train,0,0.034993,0.200000,0.067994
A101552_2026-02-28,A101552,2026-02-28,train,0,0.038217,0.000000,0.030574
A102499_2026-02-28,A102499,2026-02-28,train,0,0.034000,0.000000,0.027200
A102288_2026-02-28,A102288,2026-02-28,train,0,0.038042,0.000000,0.030434
A101399_2026-02-28,A101399,2026-02-28,train,0,0.322568,0.200000,0.298054
A102367_2026-02-28,A102367,2026-02-28,train,0,0.032015,0.000000,0.025612
A101853_2026-02-28,A101853,2026-02-28,train,1,0.037911,0.000000,0.030329
A101268_2026-02-28,A101268,2026-02-28,train,0,0.263636,0.600000,0.330909
A100285_2026-02-28,A100285,2026-02-28,train,0,0.035341,0.000000,0.028273
A101477_2026-02-28,A101477,2026-02-28,train,0,0.038649,0.000000,0.030919
A101771_2026-02-28,A101771,2026-02-28,train,0,0.037804,0.000000,0.030243
A101462_2026-02-28,A101462,2026-02-28,train,0,0.037997,0.000000,0.030398
A101686_2026-02-28,A101686,2026-02-28,train,0,0.193316,0.200000,0.194653
A100584_2026-02-28,A100584,2026-02-28,train,0,0.035521,0.000000,0.028417
A100735_2026-02-28,A100735,2026-02-28,train,0,0.036159,0.000000,0.028927
A100769_2026-02-28,A100769,2026-02-28,train,1,0.258387,0.600000,0.326710
A102401_2026-02-28,A102401,2026-02-28,train,0,0.038068,0.000000,0.030454
A100401_2026-02-28,A100401,2026-02-28,train,0,0.037021,0.000000,0.029617
A100345_2026-02-28,A100345,2026-02-28,train,0,0.038099,0.000000,0.030479
A100064_2026-02-28,A100064,2026-02-28,train,0,0.034097,0.000000,0.027278
A100320_2026-02-28,A100320,2026-02-28,train,0,0.066082,0.000000,0.052866
A100119_2026-02-28,A100119,2026-02-28,train,0,0.034485,0.200000,0.067588
A100173_2026-02-28,A100173,2026-02-28,train,0,0.032462,0.000000,0.025970
A100864_2026-02-28,A100864,2026-02-28,train,0,0.034118,0.200000,0.067294
A102118_2026-02-28,A102118,2026-02-28,train,0,0.035042,0.200000,0.068034
A100480_2026-02-28,A100480,2026-02-28,train,0,0.034764,0.000000,0.027811
A100758_2026-02-28,A100758,2026-02-28,train,0,0.237315,0.750000,0.339852
A101825_2026-02-28,A101825,2026-02-28,train,0,0.038058,0.000000,0.030446
A100960_2026-02-28,A100960,2026-02-28,train,0,0.032752,0.000000,0.026202
A101387_2026-02-28,A101387,2026-02-28,train,0,0.037036,0.200000,0.069629
A102328_2026-02-28,A102328,2026-02-28,train,0,0.037024,0.000000,0.029619
A101551_2026-02-28,A101551,2026-02-28,train,1,0.311027,0.550000,0.358822
A101338_2026-02-28,A101338,2026-02-28,train,0,0.182985,0.200000,0.186388
A100053_2026-02-28,A100053,2026-02-28,train,0,0.034062,0.000000,0.027250
A100499_2026-02-28,A100499,2026-02-28,train,0,0.036489,0.200000,0.069191
A102195_2026-02-28,A102195,2026-02-28,train,0,0.178316,0.200000,0.182653
A100228_2026-02-28,A100228,2026-02-28,train,0,0.034800,0.000000,0.027840
A102142_2026-02-28,A102142,2026-02-28,train,0,0.035578,0.000000,0.028462
A101701_2026-02-28,A101701,2026-02-28,train,0,0.034995,0.000000,0.027996
A102177_2026-02-28,A102177,2026-02-28,train,0,0.189529,0.350000,0.221623
A100652_2026-02-28,A100652,2026-02-28,train,0,0.036327,0.000000,0.029062
A101144_2026-02-28,A101144,2026-02-28,train,0,0.334585,0.550000,0.377668
A101868_2026-02-28,A101868,2026-02-28,train,0,0.036212,0.200000,0.068970
A100985_2026-03-31,A100985,2026-03-31,train,0,0.037307,0.000000,0.029846
A101826_2026-03-31,A101826,2026-03-31,train,0,0.190695,0.200000,0.192556
A100394_2026-03-31,A100394,2026-03-31,train,0,0.401026,0.600000,0.440821
A101191_2026-03-31,A101191,2026-03-31,train,0,0.068456,0.000000,0.054765
A101218_2026-03-31,A101218,2026-03-31,train,1,0.496265,0.550000,0.507012
A101634_2026-03-31,A101634,2026-03-31,train,0,0.031835,0.000000,0.025468
A100400_2026-03-31,A100400,2026-03-31,train,0,0.170244,0.350000,0.206195
A100632_2026-03-31,A100632,2026-03-31,train,0,0.034419,0.000000,0.027535
A102118_2026-03-31,A102118,2026-03-31,train,0,0.196338,0.200000,0.197070
A100770_2026-03-31,A100770,2026-03-31,train,0,0.034127,0.000000,0.027302
A100523_2026-03-31,A100523,2026-03-31,train,0,0.034288,0.000000,0.027430
A102441_2026-03-31,A102441,2026-03-31,train,0,0.037104,0.200000,0.069683
A100663_2026-03-31,A100663,2026-03-31,train,0,0.032110,0.000000,0.025688
A102094_2026-03-31,A102094,2026-03-31,train,0,0.165860,0.350000,0.202688
A102381_2026-03-31,A102381,2026-03-31,train,1,0.342851,0.550000,0.384281
A100816_2026-03-31,A100816,2026-03-31,test,0,0.036473,0.200000,0.069178
A101635_2026-03-31,A101635,2026-03-31,test,0,0.041179,0.000000,0.032943
A100105_2026-03-31,A100105,2026-03-31,test,0,0.031884,0.000000,0.025507
A101201_2026-03-31,A101201,2026-03-31,test,0,0.034419,0.200000,0.067535
A100945_2026-03-31,A100945,2026-03-31,test,0,0.033713,0.200000,0.066970
A101585_2026-03-31,A101585,2026-03-31,test,0,0.037665,0.000000,0.030132
A101953_2026-03-31,A101953,2026-03-31,test,0,0.036630,0.000000,0.029304
A101460_2026-03-31,A101460,2026-03-31,test,0,0.033905,0.000000,0.027124
A101645_2026-03-31,A101645,2026-03-31,test,0,0.034908,0.200000,0.067926
A100137_2026-03-31,A100137,2026-03-31,test,0,0.032123,0.200000,0.065698
A100338_2026-03-31,A100338,2026-03-31,test,0,0.036238,0.000000,0.028990
A102182_2026-03-31,A102182,2026-03-31,test,0,0.037777,0.000000,0.030222
A100201_2026-03-31,A100201,2026-03-31,test,0,0.040823,0.000000,0.032658
A100223_2026-03-31,A100223,2026-03-31,test,0,0.037094,0.000000,0.029675
A101793_2026-03-31,A101793,2026-03-31,test,0,0.033804,0.000000,0.027043
A101720_2026-03-31,A101720,2026-03-31,test,0,0.033727,0.200000,0.066982
A100391_2026-03-31,A100391,2026-03-31,test,0,0.038444,0.000000,0.030755
A100816_2026-03-31,A100816,2026-03-31,test,0,0.035811,0.200000,0.068649
A101805_2026-03-31,A101805,2026-03-31,test,0,0.033497,0.200000,0.066798
A101995_2026-03-31,A101995,2026-03-31,test,0,0.036512,0.000000,0.029210
A101240_2026-03-31,A101240,2026-03-31,test,1,0.499738,0.550000,0.509790
A101601_2026-03-31,A101601,2026-03-31,test,0,0.037746,0.000000,0.030197
A100227_2026-03-31,A100227,2026-03-31,test,0,0.040255,0.000000,0.032204
A100119_2026-03-31,A100119,2026-03-31,test,0,0.065973,0.000000,0.052778
A100875_2026-03-31,A100875,2026-03-31,test,0,0.036964,0.200000,0.069571
A101861_2026-03-31,A101861,2026-03-31,test,0,0.034010,0.000000,0.027208
A101223_2026-03-31,A101223,2026-03-31,test,0,0.034909,0.200000,0.067927
A101407_2026-03-31,A101407,2026-03-31,test,0,0.034230,0.000000,0.027384
A101410_2026-03-31,A101410,2026-03-31,test,0,0.063829,0.000000,0.051063
A100013_2026-03-31,A100013,2026-03-31,test,0,0.060104,0.000000,0.048083
A101923_2026-03-31,A101923,2026-03-31,test,0,0.039747,0.000000,0.031798
A102399_2026-03-31,A102399,2026-03-31,test,0,0.038499,0.000000,0.030799
A100556_2026-03-31,A100556,2026-03-31,test,0,0.037389,0.000000,0.029911
A101328_2026-03-31,A101328,2026-03-31,test,0,0.036331,0.000000,0.029065
A100297_2026-03-31,A100297,2026-03-31,test,0,0.039917,0.000000,0.031934
A100475_2026-03-31,A100475,2026-03-31,test,0,0.035905,0.200000,0.068724
A101235_2026-03-31,A101235,2026-03-31,test,0,0.033736,0.000000,0.026989
A101593_2026-03-31,A101593,2026-03-31,test,0,0.178666,0.350000,0.212933
A102489_2026-03-31,A102489,2026-03-31,test,0,0.037756,0.000000,0.030205
A100681_2026-03-31,A100681,2026-03-31,test,0,0.034806,0.000000,0.027845
A100152_2026-03-31,A100152,2026-03-31,test,0,0.200026,0.200000,0.200021
A100338_2026-03-31,A100338,2026-03-31,test,0,0.036715,0.000000,0.029372
A101803_2026-03-31,A101803,2026-03-31,test,0,0.035935,0.200000,0.068748
A100481_2026-03-31,A100481,2026-03-31,test,0,0.199865,0.200000,0.199892
A101751_2026-03-31,A101751,2026-03-31,test,1,0.066239,0.000000,0.052991
A101837_2026-03-31,A101837,2026-03-31,test,0,0.032091,0.000000,0.025673
A101354_2026-03-31,A101354,2026-03-31,test,0,0.039089,0.000000,0.031271
A100345_2026-03-31,A100345,2026-03-31,test,0,0.493116,0.550000,0.504493
A102102_2026-03-31,A102102,2026-03-31,test,0,0.040072,0.000000,0.032058
A101286_2026-04-30,A101286,2026-04-30,test,0,0.035287,0.000000,0.028230
A100929_2026-04-30,A100929,2026-04-30,test,0,0.036477,0.000000,0.029182
A102218_2026-04-30,A102218,2026-04-30,test,0,0.037502,0.000000,0.030002
A100803_2026-04-30,A100803,2026-04-30,test,0,0.338195,0.550000,0.380556
A102004_2026-04-30,A102004,2026-04-30,test,0,0.034162,0.000000,0.027330
A100611_2026-04-30,A100611,2026-04-30,test,0,0.180683,0.350000,0.214546
A102196_2026-04-30,A102196,2026-04-30,test,0,0.035342,0.200000,0.068274
A101680_2026-04-30,A101680,2026-04-30,test,0,0.033737,0.000000,0.026990
A100512_2026-04-30,A100512,2026-04-30,test,0,0.039099,0.000000,0.031279
A100431_2026-04-30,A100431,2026-04-30,test,0,0.035076,0.000000,0.028061
A100800_2026-04-30,A100800,2026-04-30,test,0,0.036440,0.200000,0.069152
A101531_2026-04-30,A101531,2026-04-30,test,0,0.037877,0.000000,0.030302
A100835_2026-04-30,A100835,2026-04-30,test,0,0.203082,0.200000,0.202466
A101859_2026-04-30,A101859,2026-04-30,test,0,0.035653,0.200000,0.068522
A101490_2026-04-30,A101490,2026-04-30,test,0,0.068497,0.000000,0.054798
A100352_2026-04-30,A100352,2026-04-30,test,0,0.033428,0.200000,0.066742
A101578_2026-04-30,A101578,2026-04-30,test,0,0.034884,0.000000,0.027907
A100738_2026-04-30,A100738,2026-04-30,test,0,0.034033,0.200000,0.067226
A101182_2026-04-30,A101182,2026-04-30,test,0,0.033746,0.000000,0.026997
A100449_2026-04-30,A100449,2026-04-30,test,0,0.036147,0.000000,0.028918
A101134_2026-04-30,A101134,2026-04-30,test,0,0.037627,0.200000,0.070102
A100623_2026-04-30,A100623,2026-04-30,test,0,0.035695,0.000000,0.028556
A101137_2026-04-30,A101137,2026-04-30,test,0,0.040231,0.000000,0.032185
A100200_2026-04-30,A100200,2026-04-30,test,1,0.177050,0.200000,0.181640
A102304_2026-04-30,A102304,2026-04-30,test,1,0.255470,0.600000,0.324376
A100872_2026-04-30,A100872,2026-04-30,test,1,0.065945,0.000000,0.052756
A100717_2026-04-30,A100717,2026-04-30,test,0,0.037475,0.200000,0.069980
A102223_2026-04-30,A102223,2026-04-30,test,0,0.033965,0.200000,0.067172
A100755_2026-04-30,A100755,2026-04-30,test,0,0.031887,0.200000,0.065510
A100789_2026-04-30,A100789,2026-04-30,test,0,0.067322,0.000000,0.053858
A101778_2026-04-30,A101778,2026-04-30,test,0,0.034687,0.200000,0.067750
A101824_2026-04-30,A101824,2026-04-30,test,0,0.034738,0.000000,0.027790
A101365_2026-04-30,A101365,2026-04-30,test,0,0.038251,0.000000,0.030601
A100275_2026-04-30,A100275,2026-04-30,test,0,0.032282,0.000000,0.025826
A100474_2026-04-30,A100474,2026-04-30,test,0,0.214768,0.400000,0.251814
A101420_2026-04-30,A101420,2026-04-30,test,0,0.193727,0.200000,0.194982
A100038_2026-04-30,A100038,2026-04-30,test,0,0.034184,0.000000,0.027347
A102368_2026-04-30,A102368,2026-04-30,test,0,0.032724,0.000000,0.026179
A102030_2026-04-30,A102030,2026-04-30,test,0,0.157247,0.350000,0.195798
A100517_2026-04-30,A100517,2026-04-30,test,1,0.135317,0.400000,0.188254
A100320_2026-04-30,A100320,2026-04-30,test,0,0.034802,0.000000,0.027842
A100695_2026-04-30,A100695,2026-04-30,test,0,0.037211,0.000000,0.029769
A100258_2026-04-30,A100258,2026-04-30,test,0,0.033376,0.000000,0.026701
A102167_2026-04-30,A102167,2026-04-30,test,0,0.195537,0.200000,0.196430
A101558_2026-04-30,A101558,2026-04-30,test,0,0.033168,0.000000,0.026534
A100067_2026-04-30,A100067,2026-04-30,test,0,0.320033,0.200000,0.296026
A102179_2026-04-30,A102179,2026-04-30,test,0,0.123267,0.400000,0.178614
A100704_2026-04-30,A100704,2026-04-30,test,0,0.189521,0.200000,0.191617
A102052_2026-04-30,A102052,2026-04-30,test,0,0.033258,0.200000,0.066606
A100176_2026-04-30,A100176,2026-04-30,test,0,0.038361,0.000000,0.030689
A101779_2026-04-30,A101779,2026-04-30,test,0,0.036043,0.000000,0.028834
A100252_2026-04-30,A100252,2026-04-30,test,0,0.033630,0.200000,0.066904
A100749_2026-04-30,A100749,2026-04-30,test,1,0.271156,0.600000,0.336925
A102391_2026-04-30,A102391,2026-04-30,test,0,0.038150,0.000000,0.030520
A100363_2026-04-30,A100363,2026-04-30,test,0,0.035135,0.200000,0.068108
A100538_2026-04-30,A100538,2026-04-30,test,0,0.124349,0.400000,0.179479
A101483_2026-04-30,A101483,2026-04-30,test,0,0.037130,0.000000,0.029704
A100882_2026-04-30,A100882,2026-04-30,test,0,0.032917,0.200000,0.066334
A100673_2026-04-30,A100673,2026-04-30,test,0,0.068075,0.000000,0.054460
A101489_2026-04-30,A101489,2026-04-30,test,0,0.034715,0.200000,0.067772
A101035_2026-04-30,A101035,2026-04-30,test,0,0.032068,0.200000,0.065654
A100477_2026-04-30,A100477,2026-04-30,test,0,0.033389,0.200000,0.066711
A101176_2026-04-30,A101176,2026-04-30,test,0,0.037459,0.000000,0.029967
A100007_2026-05-31,A100007,2026-05-31,test,0,0.035989,0.200000,0.068791
A100598_2026-05-31,A100598,2026-05-31,test,0,0.169961,0.350000,0.205969
A102275_2026-05-31,A102275,2026-05-31,test,0,0.033965,0.200000,0.067172
A101770_2026-05-31,A101770,2026-05-31,test,0,0.032895,0.200000,0.066316
A101142_2026-05-31,A101142,2026-05-31,test,0,0.124713,0.400000,0.179770
A102050_2026-05-31,A102050,2026-05-31,test,0,0.032774,0.000000,0.026219
A101938_2026-05-31,A101938,2026-05-31,test,0,0.040410,0.000000,0.032328
A100992_2026-05-31,A100992,2026-05-31,test,0,0.189846,0.200000,0.191877
A100928_2026-05-31,A100928,2026-05-31,test,0,0.037929,0.000000,0.030343
A100914_2026-05-31,A100914,2026-05-31,test,0,0.247426,0.600000,0.317941
A100138_2026-05-31,A100138,2026-05-31,test,0,0.037554,0.200000,0.070043
A102465_2026-05-31,A102465,2026-05-31,test,0,0.336122,0.550000,0.378898
A100755_2026-05-31,A100755,2026-05-31,test,0,0.035315,0.000000,0.028252
A100948_2026-05-31,A100948,2026-05-31,test,0,0.068816,0.000000,0.055053
A100761_2026-05-31,A100761,2026-05-31,test,0,0.034971,0.200000,0.067977
A100636_2026-05-31,A100636,2026-05-31,test,0,0.169930,0.350000,0.205944
A102316_2026-05-31,A102316,2026-05-31,test,0,0.033850,0.000000,0.027080
A101067_2026-05-31,A101067,2026-05-31,test,0,0.035108,0.000000,0.028086
A101333_2026-05-31,A101333,2026-05-31,test,0,0.035514,0.200000,0.068411
A101632_2026-05-31,A101632,2026-05-31,test,0,0.034701,0.000000,0.027761
A101480_2026-05-31,A101480,2026-05-31,test,0,0.036246,0.200000,0.068997
A101476_2026-05-31,A101476,2026-05-31,test,0,0.033417,0.000000,0.026734
A101919_2026-05-31,A101919,2026-05-31,test,1,0.198990,0.200000,0.199192
A100784_2026-05-31,A100784,2026-05-31,test,0,0.031786,0.200000,0.065429
A101056_2026-05-31,A101056,2026-05-31,test,0,0.035603,0.000000,0.028482
A102234_2026-05-31,A102234,2026-05-31,test,0,0.036619,0.200000,0.069295
A102151_2026-05-31,A102151,2026-05-31,test,0,0.031881,0.200000,0.065505
A101891_2026-05-31,A101891,2026-05-31,test,1,0.175457,0.200000,0.180366
A101795_2026-05-31,A101795,2026-05-31,test,0,0.038653,0.200000,0.070922
A100958_2026-05-31,A100958,2026-05-31,test,0,0.037808,0.200000,0.070246
A102095_2026-05-31,A102095,2026-05-31,test,0,0.034438,0.000000,0.027550
A100765_2026-05-31,A100765,2026-05-31,test,0,0.039905,0.200000,0.071924
A100215_2026-05-31,A100215,2026-05-31,test,0,0.180150,0.200000,0.184120
A101323_2026-05-31,A101323,2026-05-31,test,0,0.035036,0.000000,0.028029
A100018_2026-05-31,A100018,2026-05-31,test,0,0.035060,0.000000,0.028048
A102236_2026-05-31,A102236,2026-05-31,test,0,0.032762,0.000000,0.026210
A100761_2026-05-31,A100761,2026-05-31,test,0,0.032570,0.200000,0.066056
A101897_2026-05-31,A101897,2026-05-31,test,0,0.033232,0.200000,0.066586
A102269_2026-05-31,A102269,2026-05-31,test,0,0.037465,0.000000,0.029972
A101484_2026-05-31,A101484,2026-05-31,test,0,0.032595,0.000000,0.026076
A101266_2026-05-31,A101266,2026-05-31,test,0,0.033448,0.200000,0.066758
A100379_2026-05-31,A100379,2026-05-31,test,0,0.318261,0.200000,0.294609
A100186_2026-05-31,A100186,2026-05-31,test,0,0.033094,0.000000,0.026475
A100172_2026-05-31,A100172,2026-05-31,test,0,0.035530,0.200000,0.068424
A101167_2026-05-31,A101167,2026-05-31,test,0,0.035909,0.200000,0.068727
A102193_2026-05-31,A102193,2026-05-31,test,0,0.035553,0.000000,0.028442
A100112_2026-05-31,A100112,2026-05-31,test,0,0.036912,0.000000,0.029530
A100048_2026-05-31,A100048,2026-05-31,test,0,0.034202,0.200000,0.067362
A100996_2026-05-31,A100996,2026-05-31,test,0,0.165390,0.350000,0.202312
A101239_2026-05-31,A101239,2026-05-31,test,0,0.038554,0.000000,0.030843
A100417_2026-05-31,A100417,2026-05-31,test,0,0.037157,0.000000,0.029726
A101111_2026-05-31,A101111,2026-05-31,test,0,0.032731,0.200000,0.066185
A100252_2026-05-31,A100252,2026-05-31,test,0,0.036015,0.200000,0.068812
A102222_2026-05-31,A102222,2026-05-31,test,0,0.034876,0.000000,0.027901
A100383_2026-05-31,A100383,2026-05-31,test,0,0.034134,0.200000,0.067307
A100456_2026-05-31,A100456,2026-05-31,test,0,0.033500,0.000000,0.026800
A101639_2026-05-31,A101639,2026-05-31,test,0,0.040936,0.000000,0.032749
A101637_2026-05-31,A101637,2026-05-31,test,0,0.032925,0.200000,0.066340
A102241_2026-05-31,A102241,2026-05-31,test,0,0.119514,0.400000,0.175611
A102495_2026-05-31,A102495,2026-05-31,test,0,0.033039,0.000000,0.026431
A101043_2026-05-31,A101043,2026-05-31,test,0,0.037580,0.200000,0.070064
A101662_2026-05-31,A101662,2026-05-31,test,0,0.035997,0.200000,0.068798
A101118_2026-05-31,A101118,2026-05-31,test,0,0.037091,0.000000,0.029673
A100014_2026-05-31,A100014,2026-05-31,test,0,0.065539,0.000000,0.052431
A101284_2026-05-31,A101284,2026-05-31,test,0,0.037545,0.000000,0.030036
A100891_2026-05-31,A100891,2026-05-31,test,0,0.067559,0.000000,0.054047
A101580_2026-05-31,A101580,2026-05-31,test,1,0.040420,0.200000,0.072336
A102171_2026-05-31,A102171,2026-05-31,test,0,0.036534,0.200000,0.069227
A100769_2026-05-31,A100769,2026-05-31,test,0,0.032775,0.200000,0.066220
A100906_2026-05-31,A100906,2026-05-31,test,0,0.033447,0.000000,0.026758
A100758_2026-05-31,A100758,2026-05-31,test,0,0.037402,0.000000,0.029922
A100420_2026-06-30,A100420,2026-06-30,test,1,0.208589,0.200000,0.206871
A101876_2026-06-30,A101876,2026-06-30,test,0,0.033740,0.200000,0.066992
A101210_2026-06-30,A101210,2026-06-30,test,0,0.316197,0.200000,0.292958
A100075_2026-06-30,A100075,2026-06-30,test,0,0.035365,0.000000,0.028292
A100179_2026-06-30,A100179,2026-06-30,test,0,0.035130,0.200000,0.068104
A102471_2026-06-30,A102471,2026-06-30,test,1,0.036147,0.000000,0.028918
A101031_2026-06-30,A101031,2026-06-30,test,0,0.034395,0.000000,0.027516
A101285_2026-06-30,A101285,2026-06-30,test,0,0.032785,0.000000,0.026228
A101786_2026-06-30,A101786,2026-06-30,test,0,0.037685,0.000000,0.030148
A100974_2026-06-30,A100974,2026-06-30,test,0,0.033955,0.000000,0.027164
A101676_2026-06-30,A101676,2026-06-30,test,1,0.177474,0.350000,0.211979
A100773_2026-06-30,A100773,2026-06-30,test,0,0.032855,0.000000,0.026284
A101133_2026-06-30,A101133,2026-06-30,test,0,0.179459,0.200000,0.183567
A101406_2026-06-30,A101406,2026-06-30,test,0,0.062468,0.000000,0.049974
A102176_2026-06-30,A102176,2026-06-30,test,0,0.036566,0.200000,0.069253
A101949_2026-06-30,A101949,2026-06-30,test,0,0.033909,0.000000,0.027127
A101854_2026-06-30,A101854,2026-06-30,test,0,0.036093,0.200000,0.068874
A100462_2026-06-30,A100462,2026-06-30,test,1,0.038409,0.200000,0.070727
A102330_2026-06-30,A102330,2026-06-30,test,0,0.035743,0.200000,0.068594
A100552_2026-06-30,A100552,2026-06-30,test,0,0.347931,0.550000,0.388345
A100804_2026-06-30,A100804,2026-06-30,test,0,0.186529,0.200000,0.189223
A100839_2026-06-30,A100839,2026-06-30,test,0,0.034932,0.000000,0.027946
A100862_2026-06-30,A100862,2026-06-30,test,0,0.035943,0.000000,0.028754
A102438_2026-06-30,A102438,2026-06-30,test,0,0.034522,0.000000,0.027618
A102037_2026-06-30,A102037,2026-06-30,test,0,0.172720,0.200000,0.178176
A101539_2026-06-30,A101539,2026-06-30,test,0,0.032706,0.200000,0.066165
A100768_2026-06-30,A100768,2026-06-30,test,0,0.034171,0.000000,0.027337
A102178_2026-06-30,A102178,2026-06-30,test,0,0.033248,0.200000,0.066598
A102471_2026-06-30,A102471,2026-06-30,test,1,0.034402,0.000000,0.027522
A100313_2026-06-30,A100313,2026-06-30,test,0,0.034623,0.200000,0.067698
A101513_2026-06-30,A101513,2026-06-30,test,1,0.208085,0.200000,0.206468
A102075_2026-06-30,A102075,2026-06-30,test,0,0.035788,0.000000,0.028630
A100849_2026-06-30,A100849,2026-06-30,test,0,0.036946,0.000000,0.029557
A100842_2026-06-30,A100842,2026-06-30,test,0,0.035269,0.000000,0.028215
A101063_2026-06-30,A101063,2026-06-30,test,0,0.036011,0.000000,0.028809
A101610_2026-06-30,A101610,2026-06-30,test,0,0.034212,0.000000,0.027370
A100625_2026-06-30,A100625,2026-06-30,test,0,0.034305,0.000000,0.027444
A102094_2026-06-30,A102094,2026-06-30,test,0,0.034202,0.000000,0.027362
A102114_2026-06-30,A102114,2026-06-30,test,0,0.211166,0.200000,0.208933
A100444_2026-06-30,A100444,2026-06-30,test,0,0.034684,0.000000,0.027747
A101315_2026-06-30,A101315,2026-06-30,test,0,0.040159,0.000000,0.032127
A100062_2026-06-30,A100062,2026-06-30,test,1,0.068512,0.000000,0.054810
A100581_2026-06-30,A100581,2026-06-30,test,0,0.033845,0.200000,0.067076
A101128_2026-06-30,A101128,2026-06-30,test,0,0.032285,0.200000,0.065828
A100960_2026-06-30,A100960,2026-06-30,test,0,0.035002,0.000000,0.028002
A100140_2026-06-30,A100140,2026-06-30,test,0,0.032028,0.000000,0.025622
A102314_2026-06-30,A102314,2026-06-30,test,0,0.033681,0.000000,0.026945
A100370_2026-06-30,A100370,2026-06-30,test,0,0.038247,0.000000,0.030598
A101185_2026-06-30,A101185,2026-06-30,test,1,0.317607,0.200000,0.294086
A100316_2026-06-30,A100316,2026-06-30,test,0,0.127839,0.400000,0.182271
A100888_2026-06-30,A100888,2026-06-30,test,0,0.036790,0.200000,0.069432
A101537_2026-06-30,A101537,2026-06-30,test,0,0.033789,0.200000,0.067031
A100516_2026-06-30,A100516,2026-06-30,test,0,0.036329,0.000000,0.029063
A101162_2026-06-30,A101162,2026-06-30,test,0,0.035218,0.000000,0.028174
A100035_2026-06-30,A100035,2026-06-30,test,1,0.173268,0.350000,0.208614
A101234_2026-06-30,A101234,2026-06-30,test,0,0.038384,0.200000,0.070707
A102145_2026-06-30,A102145,2026-06-30,test,0,0.036418,0.000000,0.029134
