snapshot_id,account_id,snapshot_date,months_on_book,credit_limit,balance,utilization_ratio,payments_due_30d,missed_payment_90d,hardship_flag_90d,collections_contact_90d,high_utilization_flag,any_recent_distress_flag,event_count_next_90d,first_event_date_next_90d,risk_event_next_window
A101326_2025-06-30,A101326,2025-06-30,51,8000,7941.99,0.9927,0,0,0,0,1,0,0,,0
A100153_2025-03-31,A100153,2025-03-31,56,2500,1721.51,0.6886,0,0,0,0,0,0,0,,0
A102316_2025-05-31,A102316,2025-05-31,29,8000,1017.27,0.1272,3,1,0,0,0,1,0,,0
A100545_2025-10-31,A100545,2025-10-31,54,1000,114.03,0.1140,0,0,0,0,0,0,0,,0
A100422_2025-07-31,A100422,2025-07-31,48,500,231.99,0.4640,0,0,0,0,0,0,0,,0
A101286_2026-04-30,A101286,2026-04-30,75,2500,1308.49,0.5234,2,0,0,0,0,0,0,,0
A100999_2025-03-31,A100999,2025-03-31,74,1500,69.61,0.0464,3,0,0,0,0,0,0,,0
A101712_2025-06-30,A101712,2025-06-30,97,1500,704.40,0.4696,1,0,0,0,0,0,0,,0
A100317_2025-11-30,A100317,2025-11-30,44,8000,3020.38,0.3775,3,1,1,1,0,1,1,2025-12-31,1
A100266_2025-03-31,A100266,2025-03-31,94,8000,6294.41,0.7868,2,0,0,0,0,0,1,2025-06-14,1
A101165_2026-01-31,A101165,2026-01-31,114,8000,1678.91,0.2099,2,0,0,0,0,0,0,,0
A101177_2025-05-31,A101177,2025-05-31,95,1000,1037.18,1.0372,3,0,0,0,1,0,0,,0
A101839_2026-02-28,A101839,2026-02-28,71,1500,1340.64,0.8938,2,0,0,0,0,0,0,,0
A101558_2025-08-31,A101558,2025-08-31,20,500,120.34,0.2407,1,0,0,1,0,1,0,,0
A102413_2025-07-31,A102413,2025-07-31,34,1500,1215.63,0.8104,2,0,0,0,0,0,0,,0
A102111_2025-02-28,A102111,2025-02-28,59,8000,4453.60,0.5567,3,0,0,0,0,0,0,,0
A101640_2025-03-31,A101640,2025-03-31,25,500,409.11,0.8182,0,0,0,1,0,1,0,,0
A100619_2025-04-30,A100619,2025-04-30,47,5000,2620.40,0.5241,0,0,0,0,0,0,0,,0
A101033_2025-12-31,A101033,2025-12-31,78,1500,641.78,0.4279,3,0,0,0,0,0,0,,0
A100351_2025-05-31,A100351,2025-05-31,14,8000,4560.12,0.5700,2,0,0,0,0,0,0,,0
A102114_2025-01-31,A102114,2025-01-31,27,5000,1514.27,0.3029,0,0,0,0,0,0,0,,0
A100372_2025-09-30,A100372,2025-09-30,67,1500,1263.21,0.8421,1,0,0,0,0,0,0,,0
A102059_2025-12-31,A102059,2025-12-31,82,1000,216.27,0.2163,1,0,0,0,0,0,0,,0
A100928_2025-07-31,A100928,2025-07-31,67,2500,655.80,0.2623,2,0,0,0,0,0,0,,0
A101934_2025-09-30,A101934,2025-09-30,25,8000,2949.12,0.3686,2,0,0,0,0,0,0,,0
A100929_2026-04-30,A100929,2026-04-30,26,1500,613.60,0.4091,1,0,0,0,0,0,0,,0
A100007_2026-05-31,A100007,2026-05-31,117,8000,2801.06,0.3501,0,0,0,0,0,0,0,,0
A101958_2025-07-31,A101958,2025-07-31,56,8000,6784.64,0.8481,2,1,0,0,0,1,1,2025-08-03,1
A101897_2026-02-28,A101897,2026-02-28,96,500,262.97,0.5259,1,1,0,0,0,1,1,2026-04-13,1
A100598_2026-05-31,A100598,2026-05-31,85,1500,598.94,0.3993,1,0,0,1,0,1,0,,0
A100420_2026-06-30,A100420,2026-06-30,96,1000,86.52,0.0865,1,1,0,0,0,1,1,2026-07-05,1
A102402_2025-11-30,A102402,2025-11-30,34,5000,3773.48,0.7547,3,0,0,0,0,0,0,,0
A101876_2026-06-30,A101876,2026-06-30,54,5000,3238.57,0.6477,0,0,0,0,0,0,0,,0
A100613_2025-06-30,A100613,2025-06-30,19,2500,1637.65,0.6551,0,0,0,0,0,0,0,,0
A102275_2026-05-31,A102275,2026-05-31,101,500,306.76,0.6135,1,0,0,0,0,0,0,,0
A102300_2025-01-31,A102300,2025-01-31,98,500,246.37,0.4927,3,0,0,0,0,0,0,,0
A100816_2025-10-31,A100816,2025-10-31,58,5000,1355.67,0.2711,1,0,0,0,0,0,0,,0
A101063_2025-07-31,A101063,2025-07-31,108,2500,1227.03,0.4908,1,0,0,0,0,0,0,,0
A100985_2026-03-31,A100985,2026-03-31,10,1000,337.90,0.3379,1,0,0,0,0,0,0,,0
A101036_2025-05-31,A101036,2025-05-31,60,1000,167.20,0.1672,0,0,0,0,0,0,0,,0
A100916_2025-06-30,A100916,2025-06-30,91,2500,2010.22,0.8041,3,0,0,0,0,0,0,,0
A100079_2025-12-31,A100079,2025-12-31,71,2500,1351.33,0.5405,3,0,0,0,0,0,0,,0
A101210_2026-06-30,A101210,2026-06-30,9,500,494.32,0.9886,0,1,0,0,1,1,0,,0
A100743_2025-10-31,A100743,2025-10-31,97,1000,508.77,0.5088,3,0,0,0,0,0,0,,0
A101662_2025-06-30,A101662,2025-06-30,69,5000,997.00,0.1994,0,0,0,0,0,0,0,,0
A100296_2025-10-31,A100296,2025-10-31,3,8000,3067.33,0.3834,0,0,0,0,0,0,0,,0
A100272_2025-09-30,A100272,2025-09-30,111,500,165.99,0.3320,3,0,0,0,0,0,0,,0
A102158_2025-09-30,A102158,2025-09-30,15,1000,615.17,0.6152,2,1,0,0,0,1,0,,0
A101249_2025-07-31,A101249,2025-07-31,38,2500,983.79,0.3935,2,0,0,0,0,0,0,,0
A100075_2026-06-30,A100075,2026-06-30,71,1000,549.91,0.5499,3,0,0,0,0,0,0,,0
A101770_2026-05-31,A101770,2026-05-31,70,2500,1901.79,0.7607,1,0,0,0,0,0,0,,0
A100572_2026-02-28,A100572,2026-02-28,45,500,255.12,0.5102,1,1,0,0,0,1,0,,0
A101764_2025-06-30,A101764,2025-06-30,8,500,212.84,0.4257,2,0,0,0,0,0,0,,0
A100759_2025-06-30,A100759,2025-06-30,35,2500,847.76,0.3391,0,0,0,0,0,0,0,,0
A102240_2025-11-30,A102240,2025-11-30,32,500,380.09,0.7602,2,0,0,0,0,0,0,,0
A101142_2026-05-31,A101142,2026-05-31,84,1000,503.94,0.5039,1,0,1,0,0,1,0,,0
A100367_2025-05-31,A100367,2025-05-31,52,5000,3007.55,0.6015,2,0,0,0,0,0,0,,0
A100635_2026-02-28,A100635,2026-02-28,98,1500,845.70,0.5638,3,0,0,0,0,0,0,,0
A100179_2026-06-30,A100179,2026-06-30,81,2500,1259.22,0.5037,1,0,0,0,0,0,0,,0
A100065_2025-08-31,A100065,2025-08-31,11,500,47.56,0.0951,0,0,0,0,0,0,0,,0
A101848_2025-02-28,A101848,2025-02-28,81,500,142.48,0.2850,3,0,0,0,0,0,0,,0
A102060_2025-04-30,A102060,2025-04-30,85,5000,1404.23,0.2808,0,0,0,0,0,0,0,,0
A101087_2025-08-31,A101087,2025-08-31,94,1000,593.74,0.5937,3,0,0,0,0,0,0,,0
A101176_2025-02-28,A101176,2025-02-28,79,8000,7276.56,0.9096,1,1,1,1,1,1,1,2025-05-19,1
A101246_2025-05-31,A101246,2025-05-31,2,2500,1834.04,0.7336,0,0,0,0,0,0,0,,0
A102115_2025-10-31,A102115,2025-10-31,60,2500,1558.96,0.6236,3,0,0,0,0,0,0,,0
A101276_2025-03-31,A101276,2025-03-31,120,2500,2063.57,0.8254,3,0,0,0,0,0,0,,0
A100863_2025-03-31,A100863,2025-03-31,75,500,290.21,0.5804,1,0,0,0,0,0,0,,0
A102471_2026-06-30,A102471,2026-06-30,36,500,248.79,0.4976,3,0,0,0,0,0,1,2026-08-04,1
A101846_2026-02-28,A101846,2026-02-28,39,8000,3010.95,0.3764,1,0,0,0,0,0,0,,0
A101357_2025-01-31,A101357,2025-01-31,42,1500,925.72,0.6171,1,0,0,0,0,0,0,,0
A101524_2025-03-31,A101524,2025-03-31,51,2500,1107.18,0.4429,0,0,0,0,0,0,0,,0
A100197_2025-10-31,A100197,2025-10-31,14,500,327.01,0.6540,1,0,0,0,0,0,0,,0
A100777_2026-01-31,A100777,2026-01-31,101,2500,933.24,0.3733,0,0,0,0,0,0,0,,0
A102269_2025-07-31,A102269,2025-07-31,93,500,468.23,0.9365,3,0,0,0,1,0,0,,0
A101988_2025-02-28,A101988,2025-02-28,117,5000,3370.80,0.6742,1,0,0,0,0,0,0,,0
A101047_2025-09-30,A101047,2025-09-30,52,8000,4563.52,0.5704,3,1,0,1,0,1,0,,0
A102050_2026-05-31,A102050,2026-05-31,71,1000,836.51,0.8365,3,0,0,0,0,0,0,,0
A100571_2025-07-31,A100571,2025-07-31,32,500,347.57,0.6951,2,0,0,0,0,0,0,,0
A100082_2026-02-28,A100082,2026-02-28,50,2500,2083.82,0.8335,1,0,0,0,0,0,0,,0
A101136_2026-01-31,A101136,2026-01-31,17,8000,1581.78,0.1977,1,0,0,0,0,0,0,,0
A101826_2026-03-31,A101826,2026-03-31,40,500,271.24,0.5425,1,1,0,0,0,1,0,,0
A101938_2026-05-31,A101938,2026-05-31,1,500,53.01,0.1060,3,0,0,0,0,0,0,,0
A100632_2025-06-30,A100632,2025-06-30,67,8000,7281.62,0.9102,0,0,0,0,1,0,0,,0
A101873_2025-03-31,A101873,2025-03-31,71,500,339.78,0.6796,0,0,0,0,0,0,0,,0
A101031_2026-06-30,A101031,2026-06-30,82,2500,1377.78,0.5511,0,0,0,0,0,0,0,,0
A100785_2026-02-28,A100785,2026-02-28,34,1000,553.02,0.5530,2,0,0,0,0,0,0,,0
A100992_2026-05-31,A100992,2026-05-31,68,1000,538.38,0.5384,1,1,0,0,0,1,0,,0
A100226_2025-01-31,A100226,2025-01-31,25,2500,2051.15,0.8205,0,0,0,0,0,0,0,,0
A100928_2026-05-31,A100928,2026-05-31,5,8000,2488.81,0.3111,2,0,0,0,0,0,0,,0
A100027_2025-10-31,A100027,2025-10-31,95,5000,4083.30,0.8167,1,0,0,0,0,0,0,,0
A100907_2025-09-30,A100907,2025-09-30,98,1500,1005.40,0.6703,0,0,0,0,0,0,0,,0
A100914_2026-05-31,A100914,2026-05-31,54,8000,6921.18,0.8651,3,1,1,0,0,1,0,,0
A101701_2025-02-28,A101701,2025-02-28,91,500,333.32,0.6666,1,0,0,0,0,0,0,,0
A100463_2025-03-31,A100463,2025-03-31,120,1000,473.51,0.4735,3,1,0,0,0,1,0,,0
A101531_2025-12-31,A101531,2025-12-31,57,1000,690.71,0.6907,0,1,0,0,0,1,1,2026-02-03,1
A100506_2025-08-31,A100506,2025-08-31,49,1500,862.84,0.5752,3,1,0,1,0,1,1,2025-10-02,1
A102218_2026-04-30,A102218,2026-04-30,25,1500,505.00,0.3367,2,0,0,0,0,0,0,,0
A101015_2026-02-28,A101015,2026-02-28,6,2500,1594.33,0.6377,0,0,0,0,0,0,0,,0
A101388_2026-01-31,A101388,2026-01-31,35,1500,854.29,0.5695,0,0,0,0,0,0,0,,0
A101128_2025-11-30,A101128,2025-11-30,1,8000,4558.23,0.5698,0,1,0,0,0,1,1,2025-12-20,1
A101907_2026-01-31,A101907,2026-01-31,102,1500,0.00,0.0000,3,0,0,0,0,0,0,,0
A100035_2025-11-30,A100035,2025-11-30,106,8000,4790.54,0.5988,2,0,0,0,0,0,0,,0
A102440_2025-03-31,A102440,2025-03-31,66,1000,211.71,0.2117,3,0,0,0,0,0,0,,0
A100138_2026-05-31,A100138,2026-05-31,71,5000,1145.19,0.2290,0,0,0,0,0,0,0,,0
A100394_2026-03-31,A100394,2026-03-31,64,8000,9380.57,1.1726,3,1,1,0,1,1,0,,0
A100962_2025-05-31,A100962,2025-05-31,100,1500,693.23,0.4622,2,0,0,0,0,0,0,,0
A100760_2025-09-30,A100760,2025-09-30,31,1000,861.25,0.8612,2,0,0,0,0,0,0,,0
A101622_2025-09-30,A101622,2025-09-30,32,5000,964.29,0.1929,0,0,0,0,0,0,0,,0
A101944_2025-08-31,A101944,2025-08-31,108,2500,1226.05,0.4904,2,1,0,1,0,1,1,2025-10-18,1
A100776_2025-07-31,A100776,2025-07-31,120,500,100.85,0.2017,3,0,0,0,0,0,0,,0
A100025_2025-04-30,A100025,2025-04-30,82,5000,4553.07,0.9106,2,1,0,1,1,1,0,,0
A100835_2025-09-30,A100835,2025-09-30,5,5000,2441.49,0.4883,0,0,0,0,0,0,0,,0
A101278_2025-03-31,A101278,2025-03-31,27,500,0.00,0.0000,3,0,0,0,0,0,0,,0
A101619_2025-06-30,A101619,2025-06-30,82,5000,3378.14,0.6756,2,0,0,0,0,0,0,,0
A100210_2025-11-30,A100210,2025-11-30,96,5000,3155.04,0.6310,2,0,1,0,0,1,1,2025-12-02,1
A101490_2025-07-31,A101490,2025-07-31,51,8000,453.21,0.0567,3,0,0,0,0,0,0,,0
A101663_2026-01-31,A101663,2026-01-31,59,1000,885.40,0.8854,1,1,0,0,0,1,0,,0
A101624_2025-04-30,A101624,2025-04-30,74,5000,4583.76,0.9168,1,1,0,0,1,1,1,2025-07-15,1
A100274_2025-04-30,A100274,2025-04-30,50,2500,923.88,0.3696,1,0,0,0,0,0,0,,0
A101977_2025-11-30,A101977,2025-11-30,7,5000,3857.62,0.7715,1,0,0,0,0,0,0,,0
A100803_2026-04-30,A100803,2026-04-30,24,5000,2195.84,0.4392,1,1,0,1,0,1,0,,0
A101471_2025-05-31,A101471,2025-05-31,20,1000,1001.97,1.0020,1,1,0,0,1,1,1,2025-07-22,1
A100156_2025-11-30,A100156,2025-11-30,16,2500,1164.54,0.4658,3,0,0,0,0,0,0,,0
A101720_2025-11-30,A101720,2025-11-30,75,1000,222.55,0.2225,3,0,0,1,0,1,1,2025-12-13,1
A102004_2026-04-30,A102004,2026-04-30,31,2500,1787.33,0.7149,3,0,0,0,0,0,0,,0
A100274_2025-05-31,A100274,2025-05-31,46,2500,629.05,0.2516,0,1,1,0,0,1,0,,0
A101285_2026-06-30,A101285,2026-06-30,11,500,443.51,0.8870,3,0,0,0,0,0,0,,0
A100271_2025-04-30,A100271,2025-04-30,25,1000,838.99,0.8390,1,0,0,0,0,0,0,,0
A101437_2025-09-30,A101437,2025-09-30,21,1500,775.01,0.5167,2,0,0,0,0,0,0,,0
A101966_2025-08-31,A101966,2025-08-31,76,1500,618.90,0.4126,2,1,0,1,0,1,1,2025-11-08,1
A101139_2025-12-31,A101139,2025-12-31,115,2500,1068.83,0.4275,1,0,0,0,0,0,0,,0
A100198_2026-01-31,A100198,2026-01-31,112,2500,600.69,0.2403,0,0,0,0,0,0,0,,0
A101521_2025-09-30,A101521,2025-09-30,49,1500,657.15,0.4381,1,0,0,0,0,0,0,,0
A100723_2025-02-28,A100723,2025-02-28,38,5000,2709.04,0.5418,2,0,0,0,0,0,0,,0
A101191_2026-03-31,A101191,2026-03-31,54,5000,4534.48,0.9069,2,0,0,0,1,0,0,,0
A100186_2025-01-31,A100186,2025-01-31,7,500,177.95,0.3559,2,0,0,0,0,0,0,,0
A100547_2025-07-31,A100547,2025-07-31,47,5000,2314.60,0.4629,3,0,1,0,0,1,0,,0
A100611_2026-04-30,A100611,2026-04-30,13,500,111.47,0.2229,2,0,0,1,0,1,0,,0
A102303_2025-12-31,A102303,2025-12-31,77,8000,1308.77,0.1636,3,0,0,0,0,0,0,,0
A100676_2025-01-31,A100676,2025-01-31,6,500,149.91,0.2998,1,0,0,0,0,0,0,,0
A102256_2025-07-31,A102256,2025-07-31,19,2500,1249.46,0.4998,1,0,0,0,0,0,0,,0
A101700_2025-06-30,A101700,2025-06-30,66,1500,1309.26,0.8728,3,0,1,0,0,1,1,2025-07-02,1
A101905_2025-03-31,A101905,2025-03-31,95,8000,5493.97,0.6867,3,0,0,0,0,0,0,,0
A100158_2025-05-31,A100158,2025-05-31,43,8000,8665.94,1.0832,2,0,0,0,1,0,1,2025-08-12,1
A101786_2026-06-30,A101786,2026-06-30,34,1500,418.58,0.2791,1,0,0,0,0,0,0,,0
A100967_2025-07-31,A100967,2025-07-31,21,8000,5523.72,0.6905,3,0,0,0,0,0,0,,0
A102196_2026-04-30,A102196,2026-04-30,61,5000,2334.40,0.4669,0,0,0,0,0,0,0,,0
A102336_2025-11-30,A102336,2025-11-30,102,1000,292.35,0.2923,1,0,1,1,0,1,0,,0
A100662_2025-12-31,A100662,2025-12-31,19,8000,6071.38,0.7589,0,1,1,0,0,1,0,,0
A100174_2025-03-31,A100174,2025-03-31,95,500,427.97,0.8559,2,1,0,0,0,1,0,,0
A100270_2026-01-31,A100270,2026-01-31,14,1000,684.14,0.6841,1,0,0,0,0,0,0,,0
A100358_2025-10-31,A100358,2025-10-31,62,500,423.92,0.8478,1,0,0,0,0,0,0,,0
A101437_2025-09-30,A101437,2025-09-30,120,1500,1316.93,0.8780,0,0,0,0,0,0,0,,0
A102465_2026-05-31,A102465,2026-05-31,61,1500,755.72,0.5038,3,1,0,1,0,1,0,,0
A101920_2025-02-28,A101920,2025-02-28,69,5000,2537.81,0.5076,1,0,0,0,0,0,0,,0
A101176_2025-06-30,A101176,2025-06-30,56,500,173.03,0.3461,0,1,0,0,0,1,0,,0
A100755_2026-05-31,A100755,2026-05-31,76,1500,779.39,0.5196,2,0,0,0,0,0,0,,0
A100948_2026-05-31,A100948,2026-05-31,22,500,472.68,0.9454,3,0,0,0,1,0,0,,0
A101337_2025-12-31,A101337,2025-12-31,13,2500,974.38,0.3898,3,0,0,0,0,0,0,,0
A100103_2026-01-31,A100103,2026-01-31,27,1500,758.18,0.5055,1,0,0,0,0,0,0,,0
A101887_2025-05-31,A101887,2025-05-31,69,5000,5430.33,1.0861,0,0,0,0,1,0,0,,0
A101844_2025-11-30,A101844,2025-11-30,22,2500,376.65,0.1507,1,0,0,0,0,0,0,,0
A100974_2026-06-30,A100974,2026-06-30,25,1500,1067.41,0.7116,2,0,0,0,0,0,0,,0
A100638_2025-09-30,A100638,2025-09-30,93,1500,547.85,0.3652,1,0,0,0,0,0,0,,0
A100416_2025-06-30,A100416,2025-06-30,85,500,205.28,0.4106,1,0,0,0,0,0,0,,0
A101218_2026-03-31,A101218,2026-03-31,36,1000,975.69,0.9757,2,1,0,1,1,1,1,2026-06-18,1
A101634_2026-03-31,A101634,2026-03-31,89,1000,898.92,0.8989,2,0,0,0,0,0,0,,0
A101657_2025-01-31,A101657,2025-01-31,95,1000,772.02,0.7720,3,0,0,0,0,0,0,,0
A102391_2025-08-31,A102391,2025-08-31,87,1000,405.16,0.4052,0,0,0,0,0,0,0,,0
A100400_2026-03-31,A100400,2026-03-31,32,2500,1172.87,0.4691,2,0,0,1,0,1,0,,0
A101676_2026-06-30,A101676,2026-06-30,87,8000,1656.41,0.2071,1,0,0,1,0,1,1,2026-07-10,1
A102006_2025-04-30,A102006,2025-04-30,5,1500,611.11,0.4074,1,0,0,0,0,0,0,,0
A102216_2025-07-31,A102216,2025-07-31,92,2500,1275.40,0.5102,0,0,0,0,0,0,0,,0
A101680_2026-04-30,A101680,2026-04-30,27,8000,5370.45,0.6713,0,0,0,0,0,0,0,,0
A101034_2025-10-31,A101034,2025-10-31,49,2500,2061.59,0.8246,0,1,0,0,0,1,0,,0
A101442_2025-09-30,A101442,2025-09-30,14,1000,466.59,0.4666,1,0,0,0,0,0,0,,0
A100673_2025-05-31,A100673,2025-05-31,119,500,394.37,0.7887,1,0,0,0,0,0,0,,0
A100599_2025-12-31,A100599,2025-12-31,86,8000,6129.71,0.7662,3,0,0,0,0,0,0,,0
A100512_2026-04-30,A100512,2026-04-30,46,1000,160.77,0.1608,2,0,0,0,0,0,0,,0
A100761_2026-05-31,A100761,2026-05-31,1,8000,4969.58,0.6212,2,0,0,0,0,0,0,,0
A100349_2026-01-31,A100349,2026-01-31,20,1500,488.51,0.3257,3,1,0,0,0,1,0,,0
A100575_2025-12-31,A100575,2025-12-31,82,5000,2939.10,0.5878,0,0,0,0,0,0,0,,0
A100584_2025-08-31,A100584,2025-08-31,24,2500,1383.93,0.5536,2,0,0,0,0,0,0,,0
A102189_2025-06-30,A102189,2025-06-30,79,8000,1690.49,0.2113,2,0,0,0,0,0,0,,0
A101796_2025-04-30,A101796,2025-04-30,72,500,137.81,0.2756,2,0,0,0,0,0,0,,0
A102282_2025-03-31,A102282,2025-03-31,62,2500,2179.19,0.8717,1,0,0,0,0,0,0,,0
A100027_2025-06-30,A100027,2025-06-30,108,1500,499.13,0.3328,3,0,0,0,0,0,0,,0
A101907_2026-01-31,A101907,2026-01-31,55,2500,2313.27,0.9253,1,0,0,0,1,0,0,,0
A102497_2025-02-28,A102497,2025-02-28,88,8000,4399.06,0.5499,2,0,0,0,0,0,0,,0
A100591_2025-02-28,A100591,2025-02-28,28,8000,3501.19,0.4376,0,0,0,0,0,0,0,,0
A102152_2025-08-31,A102152,2025-08-31,37,2500,1539.71,0.6159,2,0,0,0,0,0,0,,0
A101199_2025-12-31,A101199,2025-12-31,106,2500,766.41,0.3066,2,0,0,0,0,0,0,,0
A102016_2025-05-31,A102016,2025-05-31,43,1000,718.29,0.7183,2,0,0,0,0,0,0,,0
A100358_2025-02-28,A100358,2025-02-28,52,8000,2476.22,0.3095,0,0,0,0,0,0,0,,0
A101945_2025-03-31,A101945,2025-03-31,101,5000,2323.14,0.4646,3,0,0,0,0,0,0,,0
A102442_2025-03-31,A102442,2025-03-31,28,500,206.09,0.4122,1,0,0,0,0,0,0,,0
A100412_2025-01-31,A100412,2025-01-31,48,1000,310.13,0.3101,2,0,0,0,0,0,0,,0
A101727_2025-02-28,A101727,2025-02-28,41,500,112.61,0.2252,0,0,0,0,0,0,0,,0
A101724_2026-02-28,A101724,2026-02-28,58,500,350.57,0.7011,0,0,0,0,0,0,0,,0
A100636_2026-05-31,A100636,2026-05-31,99,2500,1127.08,0.4508,3,0,0,1,0,1,0,,0
A100019_2025-01-31,A100019,2025-01-31,88,8000,4148.79,0.5186,0,0,0,0,0,0,0,,0
A100497_2025-05-31,A100497,2025-05-31,61,500,249.18,0.4984,3,0,0,0,0,0,0,,0
A100593_2025-03-31,A100593,2025-03-31,38,8000,6961.71,0.8702,3,0,0,0,0,0,0,,0
A100215_2025-02-28,A100215,2025-02-28,2,500,455.52,0.9110,0,0,0,0,1,0,0,,0
A101992_2025-03-31,A101992,2025-03-31,41,1500,875.27,0.5835,3,0,0,0,0,0,0,,0
A100478_2026-01-31,A100478,2026-01-31,83,1000,371.60,0.3716,3,0,0,0,0,0,0,,0
A102321_2025-12-31,A102321,2025-12-31,38,1500,541.08,0.3607,0,0,0,0,0,0,0,,0
A102457_2025-12-31,A102457,2025-12-31,112,5000,2716.41,0.5433,1,0,0,0,0,0,0,,0
A101008_2026-01-31,A101008,2026-01-31,50,8000,4050.59,0.5063,3,0,0,0,0,0,0,,0
A101160_2025-01-31,A101160,2025-01-31,42,1500,800.21,0.5335,0,0,0,0,0,0,0,,0
A102342_2025-05-31,A102342,2025-05-31,36,5000,3476.58,0.6953,3,0,0,0,0,0,0,,0
A101563_2025-07-31,A101563,2025-07-31,101,8000,5728.11,0.7160,0,0,0,0,0,0,0,,0
A101043_2025-01-31,A101043,2025-01-31,102,2500,1185.16,0.4741,3,0,0,0,0,0,0,,0
A100256_2025-08-31,A100256,2025-08-31,51,5000,1789.43,0.3579,2,0,0,0,0,0,0,,0
A100787_2025-04-30,A100787,2025-04-30,24,8000,4195.63,0.5245,2,0,0,0,0,0,0,,0
A102118_2025-06-30,A102118,2025-06-30,32,500,403.86,0.8077,0,0,0,0,0,0,0,,0
A101293_2025-02-28,A101293,2025-02-28,45,1500,620.69,0.4138,0,0,0,0,0,0,0,,0
A102316_2026-05-31,A102316,2026-05-31,76,5000,3396.16,0.6792,2,0,0,0,0,0,0,,0
A102493_2025-05-31,A102493,2025-05-31,33,500,552.45,1.1049,2,1,0,1,1,1,1,2025-06-23,1
A100208_2025-02-28,A100208,2025-02-28,72,1500,1110.50,0.7403,0,0,0,0,0,0,0,,0
A100368_2025-09-30,A100368,2025-09-30,41,5000,1745.04,0.3490,1,0,0,0,0,0,0,,0
A101610_2025-07-31,A101610,2025-07-31,58,1000,423.93,0.4239,1,0,0,0,0,0,0,,0
A100242_2025-01-31,A100242,2025-01-31,108,500,341.36,0.6827,2,0,0,0,0,0,0,,0
A101980_2025-02-28,A101980,2025-02-28,13,1000,538.90,0.5389,1,0,0,0,0,0,0,,0
A100431_2026-04-30,A100431,2026-04-30,42,1500,861.77,0.5745,2,0,0,0,0,0,0,,0
A101807_2025-09-30,A101807,2025-09-30,104,1000,1002.97,1.0030,3,0,0,0,1,0,0,,0
A100903_2025-03-31,A100903,2025-03-31,120,5000,1397.06,0.2794,2,0,0,0,0,0,0,,0
A100397_2026-01-31,A100397,2026-01-31,108,500,180.08,0.3602,2,0,0,0,0,0,0,,0
A101499_2025-05-31,A101499,2025-05-31,43,1000,351.95,0.3519,0,0,0,0,0,0,0,,0
A101798_2025-06-30,A101798,2025-06-30,35,2500,1065.83,0.4263,2,0,0,0,0,0,0,,0
A101067_2026-05-31,A101067,2026-05-31,14,1500,939.83,0.6266,3,0,0,0,0,0,0,,0
A100232_2025-08-31,A100232,2025-08-31,72,2500,1535.77,0.6143,1,0,0,0,0,0,0,,0
A100977_2025-09-30,A100977,2025-09-30,13,2500,1104.25,0.4417,2,0,0,0,0,0,0,,0
A101202_2025-05-31,A101202,2025-05-31,82,500,135.90,0.2718,1,0,0,0,0,0,0,,0
A101173_2025-07-31,A101173,2025-07-31,47,2500,1639.75,0.6559,0,0,0,0,0,0,0,,0
A100565_2025-07-31,A100565,2025-07-31,67,1000,510.48,0.5105,0,0,0,0,0,0,0,,0
A101121_2025-06-30,A101121,2025-06-30,27,1000,389.32,0.3893,1,0,0,0,0,0,0,,0
A102128_2026-02-28,A102128,2026-02-28,108,8000,6490.75,0.8113,2,0,0,0,0,0,0,,0
A102019_2025-04-30,A102019,2025-04-30,2,2500,995.49,0.3982,3,0,0,0,0,0,0,,0
A102306_2026-01-31,A102306,2026-01-31,5,1000,453.37,0.4534,0,0,0,0,0,0,0,,0
A100292_2025-05-31,A100292,2025-05-31,46,8000,1900.76,0.2376,1,0,0,0,0,0,0,,0
A101562_2025-03-31,A101562,2025-03-31,38,500,415.03,0.8301,0,0,0,0,0,0,0,,0
A100362_2025-08-31,A100362,2025-08-31,80,1000,466.82,0.4668,1,0,0,0,0,0,0,,0
A100123_2025-01-31,A100123,2025-01-31,13,8000,4290.02,0.5363,3,0,0,0,0,0,0,,0
A100384_2025-07-31,A100384,2025-07-31,6,1500,533.79,0.3559,0,0,0,0,0,0,0,,0
A100450_2025-05-31,A100450,2025-05-31,16,2500,1958.73,0.7835,1,0,0,0,0,0,0,,0
A101624_2025-06-30,A101624,2025-06-30,106,500,171.34,0.3427,3,0,0,0,0,0,1,2025-07-15,1
A100148_2026-02-28,A100148,2026-02-28,7,1500,678.15,0.4521,2,0,0,0,0,0,0,,0
A101313_2026-02-28,A101313,2026-02-28,109,5000,3537.11,0.7074,0,0,0,0,0,0,0,,0
A101447_2025-09-30,A101447,2025-09-30,112,2500,1325.53,0.5302,0,0,0,0,0,0,0,,0
A102067_2025-01-31,A102067,2025-01-31,29,1000,517.42,0.5174,3,0,0,0,0,0,0,,0
A100191_2025-02-28,A100191,2025-02-28,5,8000,1157.71,0.1447,2,0,0,0,0,0,0,,0
A100411_2025-09-30,A100411,2025-09-30,16,5000,824.74,0.1649,0,0,0,0,0,0,0,,0
A101250_2025-12-31,A101250,2025-12-31,83,1000,794.24,0.7942,2,1,0,0,0,1,0,,0
A101802_2025-05-31,A101802,2025-05-31,66,1000,780.46,0.7805,2,0,0,0,0,0,0,,0
A100359_2025-10-31,A100359,2025-10-31,108,2500,749.03,0.2996,3,0,0,0,0,0,0,,0
A102244_2025-11-30,A102244,2025-11-30,79,2500,857.47,0.3430,3,0,0,0,0,0,0,,0
A100773_2026-06-30,A100773,2026-06-30,70,2500,1991.66,0.7967,2,0,0,0,0,0,0,,0
A101333_2026-05-31,A101333,2026-05-31,35,1500,753.47,0.5023,1,0,0,0,0,0,0,,0
A100273_2025-12-31,A100273,2025-12-31,57,8000,6233.05,0.7791,3,0,0,0,0,0,0,,0
A100632_2026-03-31,A100632,2026-03-31,44,8000,5152.76,0.6441,2,0,0,0,0,0,0,,0
A101133_2026-06-30,A101133,2026-06-30,13,8000,7197.35,0.8997,3,1,0,0,0,1,0,,0
A100521_2026-02-28,A100521,2026-02-28,112,500,53.26,0.1065,0,0,0,0,0,0,0,,0
A101628_2025-06-30,A101628,2025-06-30,54,1500,1182.43,0.7883,3,0,0,0,0,0,0,,0
A101444_2025-10-31,A101444,2025-10-31,46,2500,762.28,0.3049,3,0,1,0,0,1,0,,0
A102046_2026-01-31,A102046,2026-01-31,57,1500,953.25,0.6355,1,0,0,0,0,0,0,,0
A101352_2025-11-30,A101352,2025-11-30,108,5000,3724.63,0.7449,1,0,0,0,0,0,0,,0
A100043_2025-01-31,A100043,2025-01-31,7,1500,421.27,0.2808,2,0,0,0,0,0,1,2025-02-22,1
A102118_2026-03-31,A102118,2026-03-31,50,2500,1084.14,0.4337,2,1,0,0,0,1,0,,0
A100042_2025-03-31,A100042,2025-03-31,68,1000,746.82,0.7468,3,0,0,0,0,0,0,,0
A100770_2026-03-31,A100770,2026-03-31,63,2500,1727.63,0.6911,3,0,0,0,0,0,0,,0
A102171_2025-04-30,A102171,2025-04-30,22,1500,394.11,0.2627,2,0,0,0,0,0,0,,0
A101406_2026-06-30,A101406,2026-06-30,114,2500,2950.24,1.1801,1,0,0,0,1,0,0,,0
A100770_2026-02-28,A100770,2026-02-28,24,500,158.74,0.3175,2,0,0,0,0,0,0,,0
A101685_2025-01-31,A101685,2025-01-31,101,500,151.05,0.3021,2,0,0,0,0,0,0,,0
A101628_2025-04-30,A101628,2025-04-30,76,500,234.29,0.4686,3,0,0,0,0,0,0,,0
A102176_2026-06-30,A102176,2026-06-30,19,5000,2029.91,0.4060,1,0,0,0,0,0,0,,0
A102086_2025-04-30,A102086,2025-04-30,4,500,544.70,1.0894,3,0,0,0,1,0,0,,0
A100254_2025-01-31,A100254,2025-01-31,88,5000,4148.40,0.8297,2,0,0,0,0,0,0,,0
A100134_2025-10-31,A100134,2025-10-31,81,500,467.57,0.9351,0,0,0,0,1,0,0,,0
A100223_2025-08-31,A100223,2025-08-31,114,2500,201.04,0.0804,0,0,0,0,0,0,0,,0
A100180_2025-06-30,A100180,2025-06-30,120,5000,3414.63,0.6829,3,0,0,0,0,0,0,,0
A102029_2025-03-31,A102029,2025-03-31,32,8000,3023.98,0.3780,3,0,0,0,0,0,0,,0
A101632_2026-05-31,A101632,2026-05-31,3,1000,680.11,0.6801,3,0,0,0,0,0,0,,0
A102300_2026-01-31,A102300,2026-01-31,15,1500,944.54,0.6297,3,0,0,0,0,0,0,,0
A101729_2025-12-31,A101729,2025-12-31,71,1000,336.89,0.3369,2,0,0,0,0,0,0,,0
A101398_2025-06-30,A101398,2025-06-30,31,8000,5858.61,0.7323,1,0,0,0,0,0,0,,0
A100523_2026-03-31,A100523,2026-03-31,60,1000,675.95,0.6760,3,0,0,0,0,0,0,,0
A101949_2026-06-30,A101949,2026-06-30,27,1000,746.33,0.7463,3,0,0,0,0,0,0,,0
A102441_2026-03-31,A102441,2026-03-31,76,1500,452.41,0.3016,1,0,0,0,0,0,0,,0
A100374_2025-10-31,A100374,2025-10-31,95,2500,1237.58,0.4950,0,0,0,0,0,0,0,,0
A101597_2025-03-31,A101597,2025-03-31,89,1000,579.67,0.5797,1,0,0,0,0,0,0,,0
A101480_2026-05-31,A101480,2026-05-31,98,1500,556.48,0.3710,1,0,0,0,0,0,0,,0
A100516_2026-02-28,A100516,2026-02-28,37,1500,150.78,0.1005,1,0,0,0,0,0,0,,0
A101439_2026-02-28,A101439,2026-02-28,4,8000,6897.67,0.8622,3,1,0,0,0,1,1,2026-03-20,1
A100400_2025-07-31,A100400,2025-07-31,38,500,252.58,0.5052,1,0,0,0,0,0,0,,0
A100663_2026-03-31,A100663,2026-03-31,26,1500,1334.44,0.8896,1,0,0,0,0,0,0,,0
A100735_2025-08-31,A100735,2025-08-31,73,2500,1275.26,0.5101,3,0,0,0,0,0,1,2025-09-10,1
A100458_2025-10-31,A100458,2025-10-31,116,500,181.25,0.3625,0,0,0,0,0,0,0,,0
A101304_2025-08-31,A101304,2025-08-31,100,1500,824.52,0.5497,3,0,0,0,0,0,0,,0
A102159_2025-04-30,A102159,2025-04-30,45,2500,1109.73,0.4439,3,0,0,0,0,0,0,,0
A101854_2026-06-30,A101854,2026-06-30,7,8000,3724.37,0.4655,1,0,0,0,0,0,0,,0
A102290_2025-09-30,A102290,2025-09-30,23,5000,1497.29,0.2995,1,0,0,0,0,0,1,2025-11-04,1
A101022_2025-03-31,A101022,2025-03-31,22,1500,730.21,0.4868,2,0,0,0,0,0,0,,0
A101977_2025-09-30,A101977,2025-09-30,91,1000,640.25,0.6402,0,0,0,0,0,0,0,,0
A101439_2025-11-30,A101439,2025-11-30,18,8000,6017.33,0.7522,2,0,0,0,0,0,0,,0
A100693_2025-06-30,A100693,2025-06-30,77,2500,2000.92,0.8004,3,0,0,0,0,0,0,,0
A101476_2026-05-31,A101476,2026-05-31,27,500,369.30,0.7386,1,0,0,0,0,0,0,,0
A100660_2025-11-30,A100660,2025-11-30,57,2500,1562.82,0.6251,2,0,0,0,0,0,0,,0
A101919_2026-05-31,A101919,2026-05-31,11,8000,3251.61,0.4065,2,1,0,0,0,1,1,2026-07-16,1
A100777_2025-11-30,A100777,2025-11-30,2,1500,0.00,0.0000,0,0,0,0,0,0,0,,0
A101029_2025-09-30,A101029,2025-09-30,11,1000,549.09,0.5491,3,0,0,0,0,0,0,,0
A102152_2025-06-30,A102152,2025-06-30,14,8000,3947.35,0.4934,2,0,0,0,0,0,0,,0
A101459_2025-11-30,A101459,2025-11-30,30,1500,1376.63,0.9178,2,1,1,0,1,1,0,,0
A101651_2025-02-28,A101651,2025-02-28,28,2500,2435.74,0.9743,3,0,0,0,1,0,1,2025-03-29,1
A102380_2025-03-31,A102380,2025-03-31,19,8000,4553.76,0.5692,3,1,1,0,0,1,0,,0
A100781_2025-08-31,A100781,2025-08-31,93,1500,1027.56,0.6850,0,1,0,0,0,1,0,,0
A102094_2026-03-31,A102094,2026-03-31,19,1500,938.77,0.6258,3,0,0,1,0,1,0,,0
A100722_2025-06-30,A100722,2025-06-30,49,1500,880.29,0.5869,0,0,0,0,0,0,0,,0
A100800_2026-04-30,A100800,2026-04-30,11,5000,2129.74,0.4259,1,0,0,0,0,0,0,,0
A100245_2025-12-31,A100245,2025-12-31,78,8000,6387.87,0.7985,2,0,0,0,0,0,0,,0
A100560_2025-11-30,A100560,2025-11-30,111,1500,303.17,0.2021,1,0,0,0,0,0,0,,0
A100601_2026-01-31,A100601,2026-01-31,72,5000,2413.60,0.4827,3,0,0,0,0,0,0,,0
A101069_2025-04-30,A101069,2025-04-30,30,1000,715.05,0.7150,0,0,0,0,0,0,0,,0
A100768_2025-09-30,A100768,2025-09-30,91,2500,1292.33,0.5169,1,0,0,0,0,0,0,,0
A100462_2026-06-30,A100462,2026-06-30,117,5000,520.84,0.1042,0,0,0,0,0,0,1,2026-08-05,1
A102077_2025-04-30,A102077,2025-04-30,81,8000,2806.78,0.3508,0,0,0,0,0,0,0,,0
A100784_2026-05-31,A100784,2026-05-31,100,500,416.18,0.8324,0,0,0,0,0,0,0,,0
A102434_2025-08-31,A102434,2025-08-31,59,1500,1316.53,0.8777,0,0,0,0,0,0,0,,0
A100825_2025-04-30,A100825,2025-04-30,118,8000,5234.67,0.6543,2,0,0,1,0,1,0,,0
A101047_2025-05-31,A101047,2025-05-31,31,1500,659.96,0.4400,2,0,0,0,0,0,0,,0
A100408_2025-12-31,A100408,2025-12-31,71,1500,885.04,0.5900,1,0,0,0,0,0,0,,0
A102381_2026-03-31,A102381,2026-03-31,15,500,217.16,0.4343,3,1,0,1,0,1,1,2026-04-27,1
A102270_2025-10-31,A102270,2025-10-31,112,8000,2558.14,0.3198,2,0,0,0,0,0,0,,0
A101818_2025-01-31,A101818,2025-01-31,4,1500,200.85,0.1339,1,0,0,0,0,0,0,,0
A100145_2025-03-31,A100145,2025-03-31,24,5000,3534.61,0.7069,3,0,0,0,0,0,1,2025-05-16,1
A101837_2026-02-28,A101837,2026-02-28,30,5000,1035.25,0.2071,0,0,0,0,0,0,0,,0
A100536_2025-02-28,A100536,2025-02-28,28,1000,719.70,0.7197,2,0,0,0,0,0,0,,0
A100024_2025-12-31,A100024,2025-12-31,75,2500,461.22,0.1845,2,0,0,0,0,0,0,,0
A102493_2025-02-28,A102493,2025-02-28,81,1000,529.92,0.5299,3,0,0,0,0,0,0,,0
A102330_2026-06-30,A102330,2026-06-30,75,1000,412.23,0.4122,0,0,0,0,0,0,0,,0
A100816_2026-03-31,A100816,2026-03-31,82,5000,1962.94,0.3926,2,0,0,0,0,0,0,,0
A100578_2025-03-31,A100578,2025-03-31,39,1500,558.45,0.3723,2,0,0,0,0,0,0,,0
A102255_2026-02-28,A102255,2026-02-28,43,500,222.07,0.4441,3,0,0,0,0,0,0,,0
A101430_2025-06-30,A101430,2025-06-30,18,1000,192.17,0.1922,0,0,0,0,0,0,0,,0
A101622_2025-11-30,A101622,2025-11-30,119,1000,430.89,0.4309,2,0,0,0,0,0,0,,0
A101394_2025-03-31,A101394,2025-03-31,118,1000,477.74,0.4777,0,0,0,0,0,0,0,,0
A101916_2026-01-31,A101916,2026-01-31,100,8000,774.94,0.0969,0,0,0,0,0,0,0,,0
A101054_2025-01-31,A101054,2025-01-31,98,1000,769.28,0.7693,2,0,1,1,0,1,0,,0
A101834_2025-07-31,A101834,2025-07-31,115,5000,2449.49,0.4899,0,0,0,0,0,0,0,,0
A102461_2025-02-28,A102461,2025-02-28,11,500,419.49,0.8390,2,0,1,0,0,1,0,,0
A100061_2025-11-30,A100061,2025-11-30,119,500,301.14,0.6023,0,0,0,0,0,0,0,,0
A101383_2025-06-30,A101383,2025-06-30,8,2500,1915.38,0.7662,0,0,0,0,0,0,0,,0
A102448_2026-02-28,A102448,2026-02-28,33,2500,1474.85,0.5899,2,0,0,0,0,0,0,,0
A101348_2025-06-30,A101348,2025-06-30,12,500,254.60,0.5092,1,0,0,0,0,0,0,,0
A101465_2026-01-31,A101465,2026-01-31,55,1500,339.94,0.2266,1,0,0,0,0,0,0,,0
A101056_2026-05-31,A101056,2026-05-31,98,500,234.93,0.4699,2,0,0,0,0,0,0,,0
A102290_2025-10-31,A102290,2025-10-31,47,5000,1767.12,0.3534,2,1,0,0,0,1,1,2025-11-04,1
A101484_2025-06-30,A101484,2025-06-30,81,1000,512.97,0.5130,3,0,0,0,0,0,0,,0
A100549_2025-05-31,A100549,2025-05-31,8,5000,1158.88,0.2318,1,0,0,0,0,0,0,,0
A100726_2025-06-30,A100726,2025-06-30,68,500,273.15,0.5463,2,0,0,0,0,0,0,,0
A102043_2025-08-31,A102043,2025-08-31,82,1500,1127.57,0.7517,1,0,0,0,0,0,0,,0
A100063_2025-03-31,A100063,2025-03-31,104,8000,3243.46,0.4054,3,0,0,0,0,0,0,,0
A101540_2026-02-28,A101540,2026-02-28,117,2500,2200.91,0.8804,1,1,1,0,0,1,1,2026-05-08,1
A100990_2025-08-31,A100990,2025-08-31,46,1000,430.95,0.4309,2,0,0,0,0,0,0,,0
A102042_2025-08-31,A102042,2025-08-31,73,1000,0.00,0.0000,2,0,0,0,0,0,0,,0
A100362_2025-12-31,A100362,2025-12-31,1,2500,1581.43,0.6326,1,0,0,0,0,0,0,,0
A101855_2025-08-31,A101855,2025-08-31,75,500,338.58,0.6772,2,1,0,0,0,1,0,,0
A101780_2025-05-31,A101780,2025-05-31,120,1500,652.22,0.4348,0,0,0,0,0,0,0,,0
A100546_2025-11-30,A100546,2025-11-30,20,5000,2700.30,0.5401,1,0,0,0,0,0,0,,0
A101624_2025-12-31,A101624,2025-12-31,115,500,218.58,0.4372,1,0,0,1,0,1,0,,0
A100552_2026-06-30,A100552,2026-06-30,77,1000,204.93,0.2049,0,1,0,1,0,1,0,,0
A100451_2025-05-31,A100451,2025-05-31,63,1000,374.59,0.3746,3,1,0,0,0,1,0,,0
A102234_2026-05-31,A102234,2026-05-31,15,5000,1863.21,0.3726,0,0,0,0,0,0,0,,0
A100917_2025-03-31,A100917,2025-03-31,35,8000,6263.46,0.7829,1,1,0,0,0,1,0,,0
A100804_2026-06-30,A100804,2026-06-30,7,2500,1753.43,0.7014,2,1,0,0,0,1,0,,0
A102228_2025-10-31,A102228,2025-10-31,71,1500,0.00,0.0000,3,0,0,0,0,0,0,,0
A101635_2026-03-31,A101635,2026-03-31,41,5000,0.00,0.0000,3,0,0,0,0,0,0,,0
A100021_2025-09-30,A100021,2025-09-30,78,5000,4383.71,0.8767,2,0,0,0,0,0,0,,0
A100812_2025-04-30,A100812,2025-04-30,12,5000,3329.05,0.6658,0,0,0,0,0,0,0,,0
A101812_2025-11-30,A101812,2025-11-30,59,5000,78.18,0.0156,0,0,0,0,0,0,0,,0
A101402_2026-01-31,A101402,2026-01-31,31,8000,5437.26,0.6797,2,0,0,0,0,0,0,,0
A101319_2025-03-31,A101319,2025-03-31,81,5000,312.41,0.0625,1,0,0,0,0,0,0,,0
A101938_2025-12-31,A101938,2025-12-31,67,5000,1875.58,0.3751,1,0,0,0,0,0,0,,0
A100839_2026-06-30,A100839,2026-06-30,22,1500,863.82,0.5759,1,0,0,0,0,0,0,,0
A100727_2025-02-28,A100727,2025-02-28,42,2500,569.16,0.2277,3,1,0,0,0,1,0,,0
A100421_2026-01-31,A100421,2026-01-31,46,8000,7447.71,0.9310,2,0,0,0,1,0,0,,0
A101827_2025-04-30,A101827,2025-04-30,58,8000,854.39,0.1068,1,1,1,0,0,1,0,,0
A100973_2026-01-31,A100973,2026-01-31,67,1500,916.04,0.6107,3,0,0,1,0,1,0,,0
A101063_2025-03-31,A101063,2025-03-31,76,1000,440.93,0.4409,2,0,0,0,0,0,1,2025-06-25,1
A102151_2026-05-31,A102151,2026-05-31,110,500,422.00,0.8440,1,0,0,0,0,0,0,,0
A101522_2025-02-28,A101522,2025-02-28,92,2500,1245.34,0.4981,2,0,0,0,0,0,0,,0
A101051_2025-12-31,A101051,2025-12-31,31,2500,1503.48,0.6014,1,0,0,0,0,0,0,,0
A102376_2026-01-31,A102376,2026-01-31,9,8000,5551.54,0.6939,0,0,0,0,0,0,0,,0
A102034_2025-01-31,A102034,2025-01-31,14,5000,5122.79,1.0246,3,0,0,0,1,0,0,,0
A101939_2025-06-30,A101939,2025-06-30,114,500,139.93,0.2799,0,0,0,0,0,0,0,,0
A100166_2025-10-31,A100166,2025-10-31,71,1500,985.91,0.6573,3,0,0,0,0,0,0,,0
A100315_2025-01-31,A100315,2025-01-31,14,2500,2264.01,0.9056,3,1,0,0,1,1,0,,0
A101977_2025-02-28,A101977,2025-02-28,71,8000,6161.81,0.7702,3,0,0,0,0,0,0,,0
A100205_2025-05-31,A100205,2025-05-31,42,1500,1215.37,0.8102,1,0,0,0,0,0,0,,0
A101282_2026-01-31,A101282,2026-01-31,33,8000,9682.73,1.2103,2,0,0,0,1,0,0,,0
A100209_2025-11-30,A100209,2025-11-30,39,1000,851.28,0.8513,2,1,1,1,0,1,1,2026-01-15,1
A101531_2026-04-30,A101531,2026-04-30,85,2500,539.64,0.2159,1,0,0,0,0,0,0,,0
A102277_2025-02-28,A102277,2025-02-28,94,1500,965.15,0.6434,2,1,0,0,0,1,0,,0
A100821_2025-08-31,A100821,2025-08-31,103,5000,2775.00,0.5550,3,0,0,0,0,0,0,,0
A100832_2025-03-31,A100832,2025-03-31,24,2500,1577.47,0.6310,1,0,0,0,0,0,0,,0
A100737_2025-01-31,A100737,2025-01-31,119,8000,3597.76,0.4497,1,0,0,0,0,0,0,,0
A101207_2025-08-31,A101207,2025-08-31,69,1000,890.42,0.8904,1,0,0,0,0,0,0,,0
A100374_2025-02-28,A100374,2025-02-28,54,1000,993.31,0.9933,2,0,0,0,1,0,0,,0
A100232_2025-05-31,A100232,2025-05-31,6,1000,657.38,0.6574,1,0,0,0,0,0,0,,0
A100630_2025-11-30,A100630,2025-11-30,117,1500,557.00,0.3713,2,0,0,0,0,0,0,,0
A100945_2026-02-28,A100945,2026-02-28,5,1500,433.89,0.2893,1,0,0,0,0,0,0,,0
A100609_2025-07-31,A100609,2025-07-31,56,1500,1192.40,0.7949,3,1,0,1,0,1,0,,0
A100862_2026-06-30,A100862,2026-06-30,68,500,245.72,0.4914,3,0,0,0,0,0,0,,0
A101146_2025-11-30,A101146,2025-11-30,77,5000,3868.30,0.7737,0,0,0,0,0,0,0,,0
A100930_2025-11-30,A100930,2025-11-30,5,5000,89.89,0.0180,2,0,0,0,0,0,0,,0
A100704_2025-12-31,A100704,2025-12-31,45,2500,423.98,0.1696,3,0,0,0,0,0,0,,0
A101221_2025-03-31,A101221,2025-03-31,93,5000,760.05,0.1520,0,0,0,0,0,0,0,,0
A100138_2025-02-28,A100138,2025-02-28,66,5000,3328.37,0.6657,0,0,0,0,0,0,0,,0
A101445_2025-03-31,A101445,2025-03-31,48,8000,3778.90,0.4724,1,0,0,1,0,1,0,,0
A101967_2025-11-30,A101967,2025-11-30,20,1500,633.22,0.4221,0,0,0,0,0,0,0,,0
A101107_2025-05-31,A101107,2025-05-31,42,2500,1395.51,0.5582,0,0,0,0,0,0,0,,0
A101653_2025-07-31,A101653,2025-07-31,17,1000,873.97,0.8740,1,0,1,0,0,1,0,,0
A102000_2025-08-31,A102000,2025-08-31,89,8000,4832.73,0.6041,1,0,0,0,0,0,0,,0
A102122_2025-04-30,A102122,2025-04-30,38,5000,4813.87,0.9628,0,1,0,0,1,1,0,,0
A102438_2026-06-30,A102438,2026-06-30,91,500,296.11,0.5922,2,0,0,0,0,0,0,,0
A100715_2025-11-30,A100715,2025-11-30,44,500,231.12,0.4622,3,0,0,0,0,0,0,,0
A101687_2026-02-28,A101687,2026-02-28,5,500,292.00,0.5840,1,0,0,0,0,0,0,,0
A100811_2025-08-31,A100811,2025-08-31,88,1500,618.92,0.4126,0,0,0,0,0,0,0,,0
A102037_2026-06-30,A102037,2026-06-30,100,1500,1349.28,0.8995,0,1,0,0,0,1,0,,0
A101684_2025-04-30,A101684,2025-04-30,84,8000,2578.23,0.3223,2,0,0,0,0,0,0,,0
A102032_2025-05-31,A102032,2025-05-31,34,8000,8403.38,1.0504,3,0,0,0,1,0,0,,0
A101783_2026-01-31,A101783,2026-01-31,106,8000,2730.91,0.3414,2,0,0,0,0,0,1,2026-02-19,1
A100474_2025-03-31,A100474,2025-03-31,101,1500,828.27,0.5522,1,0,0,0,0,0,0,,0
A102017_2025-02-28,A102017,2025-02-28,51,8000,521.46,0.0652,3,0,0,0,0,0,0,,0
A101552_2026-02-28,A101552,2026-02-28,12,1000,276.48,0.2765,2,0,0,0,0,0,0,,0
A101248_2025-01-31,A101248,2025-01-31,39,2500,402.35,0.1609,0,0,0,0,0,0,0,,0
A101682_2025-11-30,A101682,2025-11-30,59,1000,461.37,0.4614,2,0,0,0,0,0,0,,0
A101375_2025-04-30,A101375,2025-04-30,35,1000,698.97,0.6990,3,0,0,0,0,0,0,,0
A100886_2025-02-28,A100886,2025-02-28,49,1000,377.05,0.3770,1,0,0,0,0,0,0,,0
A102499_2026-02-28,A102499,2026-02-28,40,2500,1734.21,0.6937,2,0,0,0,0,0,0,,0
A100775_2025-06-30,A100775,2025-06-30,51,5000,5195.95,1.0392,0,0,0,0,1,0,0,,0
A101027_2025-12-31,A101027,2025-12-31,87,500,288.94,0.5779,3,0,0,0,0,0,0,,0
A101704_2025-03-31,A101704,2025-03-31,66,5000,2269.93,0.4540,2,0,0,0,0,0,0,,0
A101539_2026-06-30,A101539,2026-06-30,104,8000,5773.95,0.7217,0,0,0,0,0,0,0,,0
A100073_2025-02-28,A100073,2025-02-28,113,8000,5826.65,0.7283,2,0,0,0,0,0,0,,0
A101879_2025-02-28,A101879,2025-02-28,42,2500,1788.70,0.7155,1,1,0,0,0,1,0,,0
A100768_2026-06-30,A100768,2026-06-30,6,2500,1760.28,0.7041,2,0,0,0,0,0,0,,0
A100105_2026-03-31,A100105,2026-03-31,71,2500,2114.80,0.8459,0,0,0,0,0,0,0,,0
A101475_2025-10-31,A101475,2025-10-31,42,1000,696.54,0.6965,0,0,0,0,0,0,0,,0
A102113_2025-03-31,A102113,2025-03-31,21,1500,445.19,0.2968,1,0,0,0,0,0,0,,0
A101568_2026-01-31,A101568,2026-01-31,89,1000,476.29,0.4763,3,0,0,0,0,0,0,,0
A100444_2025-09-30,A100444,2025-09-30,47,2500,2678.59,1.0714,2,0,0,0,1,0,0,,0
A100835_2026-04-30,A100835,2026-04-30,65,2500,668.07,0.2672,2,1,0,0,0,1,0,,0
A102288_2026-02-28,A102288,2026-02-28,97,500,110.27,0.2205,2,0,0,0,0,0,0,,0
A101181_2025-05-31,A101181,2025-05-31,34,2500,1399.30,0.5597,2,0,0,0,0,0,0,,0
A100996_2025-03-31,A100996,2025-03-31,113,5000,2390.08,0.4780,0,0,0,0,0,0,1,2025-06-22,1
A100455_2025-11-30,A100455,2025-11-30,22,8000,5829.22,0.7287,0,0,0,0,0,0,0,,0
A101399_2026-02-28,A101399,2026-02-28,51,2500,2271.22,0.9085,2,1,0,0,1,1,0,,0
A102178_2026-06-30,A102178,2026-06-30,53,8000,5881.50,0.7352,1,0,0,0,0,0,0,,0
A102056_2025-01-31,A102056,2025-01-31,110,5000,2294.60,0.4589,1,0,0,0,0,0,0,,0
A101121_2025-05-31,A101121,2025-05-31,20,1000,351.84,0.3518,0,0,0,0,0,0,0,,0
A101560_2025-10-31,A101560,2025-10-31,17,8000,1448.71,0.1811,3,0,0,0,0,0,0,,0
A102471_2026-06-30,A102471,2026-06-30,35,5000,2954.58,0.5909,0,0,0,0,0,0,1,2026-08-04,1
A100322_2026-01-31,A100322,2026-01-31,3,8000,5785.75,0.7232,0,0,0,0,0,0,0,,0
A101874_2025-05-31,A101874,2025-05-31,58,1500,0.00,0.0000,0,1,0,1,0,1,1,2025-06-07,1
A100919_2025-10-31,A100919,2025-10-31,81,1500,803.15,0.5354,2,0,0,0,0,0,0,,0
A100855_2025-10-31,A100855,2025-10-31,108,5000,2447.33,0.4895,1,1,0,0,0,1,1,2026-01-19,1
A100258_2025-10-31,A100258,2025-10-31,93,500,267.82,0.5356,0,0,0,0,0,0,0,,0
A100926_2025-02-28,A100926,2025-02-28,103,1500,1150.41,0.7669,2,1,0,1,0,1,1,2025-03-15,1
A101859_2026-04-30,A101859,2026-04-30,25,1500,744.36,0.4962,1,0,0,0,0,0,0,,0
A100313_2026-06-30,A100313,2026-06-30,3,2500,1564.44,0.6258,1,0,0,0,0,0,0,,0
A101213_2025-01-31,A101213,2025-01-31,118,8000,917.65,0.1147,0,0,0,1,0,1,0,,0
A102202_2025-09-30,A102202,2025-09-30,72,1500,488.27,0.3255,2,0,0,0,0,0,0,,0
A100717_2025-12-31,A100717,2025-12-31,54,500,159.06,0.3181,3,0,0,0,0,0,0,,0
A101490_2026-04-30,A101490,2026-04-30,63,500,464.10,0.9282,3,0,0,0,1,0,0,,0
A102163_2025-09-30,A102163,2025-09-30,66,2500,789.22,0.3157,1,0,0,0,0,0,0,,0
A100790_2025-10-31,A100790,2025-10-31,105,5000,878.50,0.1757,3,0,0,0,0,0,0,,0
A100566_2025-01-31,A100566,2025-01-31,15,1000,707.12,0.7071,3,1,0,0,0,1,0,,0
A100352_2026-04-30,A100352,2026-04-30,100,500,321.51,0.6430,0,0,0,0,0,0,0,,0
A101891_2026-05-31,A101891,2026-05-31,99,8000,6900.19,0.8625,1,1,0,0,0,1,1,2026-06-27,1
A100426_2025-04-30,A100426,2025-04-30,76,1000,803.21,0.8032,3,0,0,0,0,0,0,,0
A101927_2025-06-30,A101927,2025-06-30,52,8000,3668.13,0.4585,1,0,0,0,0,0,0,,0
A102481_2025-05-31,A102481,2025-05-31,16,2500,1192.21,0.4769,1,0,0,1,0,1,0,,0
A102318_2025-08-31,A102318,2025-08-31,82,8000,3980.21,0.4975,0,0,0,0,0,0,0,,0
A100003_2025-02-28,A100003,2025-02-28,60,500,32.12,0.0642,1,0,0,0,0,0,1,2025-04-08,1
A102367_2026-02-28,A102367,2026-02-28,34,500,446.88,0.8938,1,0,0,0,0,0,0,,0
A100395_2025-07-31,A100395,2025-07-31,19,5000,3529.95,0.7060,0,0,0,0,0,0,0,,0
A100009_2025-03-31,A100009,2025-03-31,109,500,402.85,0.8057,0,0,0,0,0,0,0,,0
A102201_2025-03-31,A102201,2025-03-31,91,500,183.78,0.3676,3,0,1,0,0,1,0,,0
A100098_2025-07-31,A100098,2025-07-31,107,5000,1283.25,0.2566,3,0,0,0,0,0,0,,0
A101757_2025-04-30,A101757,2025-04-30,79,500,163.31,0.3266,0,0,0,0,0,0,0,,0
A100415_2025-04-30,A100415,2025-04-30,48,1500,725.10,0.4834,2,0,0,0,0,0,0,,0
A102360_2025-12-31,A102360,2025-12-31,99,1000,648.62,0.6486,0,0,0,0,0,0,0,,0
A101578_2026-04-30,A101578,2026-04-30,53,5000,2771.53,0.5543,1,0,0,0,0,0,0,,0
A100088_2025-03-31,A100088,2025-03-31,92,8000,7366.98,0.9209,3,0,0,0,1,0,1,2025-06-21,1
A101201_2026-03-31,A101201,2026-03-31,33,8000,4978.00,0.6222,1,0,0,0,0,0,0,,0
A101328_2026-01-31,A101328,2026-01-31,13,1000,0.00,0.0000,3,0,0,0,0,0,0,,0
A101335_2025-10-31,A101335,2025-10-31,103,1000,797.02,0.7970,0,0,1,0,0,1,0,,0
A101461_2025-12-31,A101461,2025-12-31,1,1000,892.40,0.8924,1,1,0,0,0,1,0,,0
A101380_2026-01-31,A101380,2026-01-31,9,5000,1330.40,0.2661,0,0,0,0,0,0,0,,0
A102205_2025-09-30,A102205,2025-09-30,118,2500,2061.83,0.8247,0,0,0,0,0,0,0,,0
A100055_2025-09-30,A100055,2025-09-30,56,8000,3389.21,0.4237,0,0,0,0,0,0,0,,0
A100681_2025-10-31,A100681,2025-10-31,97,2500,1379.57,0.5518,0,0,0,0,0,0,0,,0
A102421_2025-05-31,A102421,2025-05-31,84,500,371.37,0.7427,0,0,0,0,0,0,0,,0
A100274_2025-01-31,A100274,2025-01-31,10,1500,1252.25,0.8348,3,0,0,0,0,0,0,,0
A101843_2025-07-31,A101843,2025-07-31,116,500,346.98,0.6940,2,0,0,0,0,0,0,,0
A101822_2025-04-30,A101822,2025-04-30,111,2500,727.52,0.2910,0,0,0,0,0,0,0,,0
A100855_2025-12-31,A100855,2025-12-31,86,1500,1417.66,0.9451,2,0,0,0,1,0,1,2026-01-19,1
A100366_2025-06-30,A100366,2025-06-30,101,8000,3488.47,0.4361,2,0,0,0,0,0,0,,0
A100234_2026-01-31,A100234,2026-01-31,33,8000,2930.13,0.3663,0,0,0,0,0,0,0,,0
A100060_2025-10-31,A100060,2025-10-31,110,1000,765.62,0.7656,1,0,0,0,0,0,0,,0
A101500_2025-06-30,A101500,2025-06-30,67,8000,3667.07,0.4584,0,0,0,0,0,0,0,,0
A101559_2025-01-31,A101559,2025-01-31,29,8000,4885.25,0.6107,3,0,0,0,0,0,0,,0
A101076_2025-01-31,A101076,2025-01-31,7,500,357.49,0.7150,3,0,0,0,0,0,0,,0
A101795_2026-05-31,A101795,2026-05-31,15,500,84.11,0.1682,0,0,0,0,0,0,0,,0
A100945_2026-03-31,A100945,2026-03-31,57,500,324.07,0.6481,0,0,0,0,0,0,0,,0
A100979_2025-12-31,A100979,2025-12-31,72,500,354.86,0.7097,1,0,0,0,0,0,0,,0
A101540_2025-04-30,A101540,2025-04-30,8,2500,1567.57,0.6270,0,0,0,0,0,0,0,,0
A100869_2025-04-30,A100869,2025-04-30,11,2500,1238.75,0.4955,3,0,0,0,0,0,0,,0
A101301_2025-04-30,A101301,2025-04-30,27,1500,1672.62,1.1151,2,1,0,0,1,1,0,,0
A101053_2025-07-31,A101053,2025-07-31,66,500,116.12,0.2322,0,0,0,0,0,0,0,,0
A100958_2026-05-31,A100958,2026-05-31,86,5000,1109.52,0.2219,1,0,0,0,0,0,0,,0
A101318_2025-02-28,A101318,2025-02-28,110,1500,523.37,0.3489,1,1,0,0,0,1,0,,0
A101840_2025-08-31,A101840,2025-08-31,109,500,124.10,0.2482,2,0,0,0,0,0,0,,0
A101286_2025-07-31,A101286,2025-07-31,9,2500,1745.93,0.6984,2,0,0,0,0,0,0,,0
A102095_2026-05-31,A102095,2026-05-31,87,1000,573.52,0.5735,1,0,0,0,0,0,0,,0
A101870_2025-10-31,A101870,2025-10-31,29,1500,1054.78,0.7032,3,0,1,0,0,1,1,2026-01-20,1
A100663_2025-09-30,A100663,2025-09-30,106,500,290.49,0.5810,1,0,0,0,0,0,0,,0
A102301_2026-01-31,A102301,2026-01-31,18,1500,836.41,0.5576,3,0,0,0,0,0,0,,0
A102381_2025-11-30,A102381,2025-11-30,114,500,338.24,0.6765,1,0,0,0,0,0,0,,0
A101853_2026-02-28,A101853,2026-02-28,33,5000,1443.80,0.2888,2,0,0,0,0,0,1,2026-05-04,1
A101784_2025-04-30,A101784,2025-04-30,3,1500,192.66,0.1284,0,0,0,0,0,0,0,,0
A101720_2025-03-31,A101720,2025-03-31,68,2500,2034.56,0.8138,0,0,0,0,0,0,0,,0
A101513_2026-06-30,A101513,2026-06-30,72,1000,181.14,0.1811,3,1,0,0,0,1,1,2026-08-13,1
A100743_2025-09-30,A100743,2025-09-30,83,1000,17.58,0.0176,2,0,0,0,0,0,0,,0
A101932_2025-08-31,A101932,2025-08-31,87,1500,1317.57,0.8784,0,0,0,0,0,0,0,,0
A100738_2026-04-30,A100738,2026-04-30,42,1000,656.90,0.6569,1,0,0,0,0,0,0,,0
A100952_2026-01-31,A100952,2026-01-31,95,8000,4282.17,0.5353,2,0,0,0,0,0,0,,0
A100911_2025-08-31,A100911,2025-08-31,113,1500,1164.45,0.7763,3,0,0,0,0,0,0,,0
A101860_2025-12-31,A101860,2025-12-31,74,5000,3723.75,0.7448,2,0,0,0,0,0,0,,0
A101973_2025-01-31,A101973,2025-01-31,87,8000,4787.92,0.5985,0,0,0,0,0,0,0,,0
A100835_2025-09-30,A100835,2025-09-30,91,5000,1522.56,0.3045,1,0,0,0,0,0,0,,0
A100669_2025-03-31,A100669,2025-03-31,77,2500,2122.12,0.8488,0,0,1,0,0,1,0,,0
A102296_2025-10-31,A102296,2025-10-31,4,500,68.39,0.1368,0,0,0,0,0,0,0,,0
A100711_2025-08-31,A100711,2025-08-31,23,1500,1358.66,0.9058,1,1,1,0,1,1,0,,0
A100812_2025-06-30,A100812,2025-06-30,61,1500,440.41,0.2936,0,0,0,0,0,0,0,,0
A101961_2025-09-30,A101961,2025-09-30,43,500,362.81,0.7256,2,1,0,0,0,1,0,,0
A101077_2025-05-31,A101077,2025-05-31,102,8000,3708.64,0.4636,2,0,0,0,0,0,0,,0
A102295_2025-02-28,A102295,2025-02-28,97,1000,688.96,0.6890,2,0,0,0,0,0,0,,0
A101935_2025-04-30,A101935,2025-04-30,9,5000,1638.81,0.3278,1,0,0,0,0,0,0,,0
A100947_2025-04-30,A100947,2025-04-30,106,8000,2294.55,0.2868,0,0,0,0,0,0,0,,0
A101873_2025-09-30,A101873,2025-09-30,97,1500,895.46,0.5970,3,0,0,0,0,0,0,,0
A100937_2025-01-31,A100937,2025-01-31,29,5000,2297.01,0.4594,3,0,0,0,0,0,0,,0
A101274_2025-09-30,A101274,2025-09-30,17,1000,895.58,0.8956,0,1,0,0,0,1,0,,0
A101268_2026-02-28,A101268,2026-02-28,41,5000,2673.84,0.5348,2,1,1,0,0,1,0,,0
A100619_2025-06-30,A100619,2025-06-30,120,8000,3734.21,0.4668,1,0,0,0,0,0,0,,0
A102075_2026-06-30,A102075,2026-06-30,112,1500,657.46,0.4383,2,0,0,0,0,0,0,,0
A101585_2026-03-31,A101585,2026-03-31,62,500,144.22,0.2884,2,0,0,0,0,0,0,,0
A101953_2026-03-31,A101953,2026-03-31,99,8000,2893.55,0.3617,2,0,0,0,0,0,0,,0
A101141_2025-05-31,A101141,2025-05-31,5,5000,3731.78,0.7464,1,0,0,0,0,0,0,,0
A100280_2025-12-31,A100280,2025-12-31,56,5000,3823.81,0.7648,0,0,0,0,0,0,0,,0
A100553_2025-04-30,A100553,2025-04-30,90,500,339.14,0.6783,2,0,0,0,0,0,0,,0
A100692_2025-09-30,A100692,2025-09-30,23,2500,1436.80,0.5747,2,0,0,0,0,0,0,,0
A102260_2025-04-30,A102260,2025-04-30,12,1500,431.75,0.2878,3,0,0,0,0,0,0,,0
A101182_2026-04-30,A101182,2026-04-30,51,8000,5448.25,0.6810,1,0,0,0,0,0,0,,0
A102101_2025-12-31,A102101,2025-12-31,103,1000,969.96,0.9700,0,1,0,0,1,1,0,,0
A100608_2025-11-30,A100608,2025-11-30,41,1000,487.24,0.4872,1,0,0,1,0,1,0,,0
A100949_2025-12-31,A100949,2025-12-31,2,1500,102.36,0.0682,0,0,0,0,0,0,0,,0
A101301_2025-09-30,A101301,2025-09-30,47,1500,578.15,0.3854,3,0,0,1,0,1,0,,0
A101681_2025-09-30,A101681,2025-09-30,105,8000,5722.34,0.7153,0,0,0,0,0,0,0,,0
A101256_2025-09-30,A101256,2025-09-30,65,8000,3415.85,0.4270,2,0,0,0,0,0,0,,0
A100224_2025-12-31,A100224,2025-12-31,115,1000,788.06,0.7881,2,0,0,0,0,0,0,,0
A102222_2025-02-28,A102222,2025-02-28,102,5000,5745.90,1.1492,3,0,0,0,1,0,0,,0
A100877_2025-12-31,A100877,2025-12-31,47,1000,471.18,0.4712,0,0,0,0,0,0,0,,0
A100104_2025-08-31,A100104,2025-08-31,48,500,164.98,0.3300,0,0,0,0,0,0,0,,0
A101952_2026-01-31,A101952,2026-01-31,40,8000,2846.86,0.3559,3,0,0,0,0,0,0,,0
A101442_2025-04-30,A101442,2025-04-30,77,5000,5409.29,1.0819,0,0,0,0,1,0,0,,0
A100930_2025-08-31,A100930,2025-08-31,27,1500,813.84,0.5426,2,0,0,0,0,0,0,,0
A102328_2025-02-28,A102328,2025-02-28,60,5000,2502.07,0.5004,1,0,0,0,0,0,0,,0
A102110_2026-01-31,A102110,2026-01-31,13,1000,526.96,0.5270,0,0,0,0,0,0,0,,0
A101775_2025-06-30,A101775,2025-06-30,49,8000,3249.58,0.4062,1,0,0,0,0,0,0,,0
A100765_2026-05-31,A100765,2026-05-31,70,5000,0.00,0.0000,0,0,0,0,0,0,0,,0
A102298_2025-06-30,A102298,2025-06-30,24,500,408.74,0.8175,0,0,0,0,0,0,0,,0
A100849_2026-06-30,A100849,2026-06-30,3,5000,1903.56,0.3807,1,0,0,0,0,0,0,,0
A100588_2025-06-30,A100588,2025-06-30,81,2500,1591.13,0.6365,2,0,0,0,0,0,1,2025-07-12,1
A101918_2025-02-28,A101918,2025-02-28,12,500,151.05,0.3021,2,0,0,0,0,0,0,,0
A102205_2025-09-30,A102205,2025-09-30,30,5000,3146.72,0.6293,1,0,0,0,0,0,0,,0
A100449_2026-04-30,A100449,2026-04-30,92,5000,1932.60,0.3865,1,0,0,0,0,0,0,,0
A100215_2026-05-31,A100215,2026-05-31,1,2500,2232.60,0.8930,3,1,0,0,0,1,0,,0
A102224_2025-12-31,A102224,2025-12-31,53,8000,1450.08,0.1813,1,0,0,0,0,0,0,,0
A101460_2026-03-31,A101460,2026-03-31,39,1500,963.40,0.6423,0,0,0,0,0,0,0,,0
A101212_2025-07-31,A101212,2025-07-31,54,2500,1748.38,0.6994,3,0,0,0,0,0,0,,0
A101134_2026-04-30,A101134,2026-04-30,67,1000,256.48,0.2565,1,0,0,0,0,0,0,,0
A100285_2026-02-28,A100285,2026-02-28,13,1500,903.76,0.6025,3,0,0,0,0,0,0,,0
A100623_2026-04-30,A100623,2026-04-30,111,5000,2401.82,0.4804,3,0,0,0,0,0,0,,0
A101645_2026-03-31,A101645,2026-03-31,80,1500,792.57,0.5284,1,0,0,0,0,0,0,,0
A100595_2026-01-31,A100595,2026-01-31,87,2500,1587.72,0.6351,1,0,0,0,0,0,0,,0
A101648_2025-07-31,A101648,2025-07-31,37,500,113.59,0.2272,1,0,0,0,0,0,0,,0
A101323_2026-05-31,A101323,2026-05-31,57,2500,1257.80,0.5031,0,0,0,0,0,0,0,,0
A101953_2025-04-30,A101953,2025-04-30,43,1500,1274.83,0.8499,3,0,0,0,0,0,0,,0
A100068_2026-01-31,A100068,2026-01-31,103,2500,2414.70,0.9659,0,0,0,0,1,0,0,,0
A100656_2026-01-31,A100656,2026-01-31,3,500,368.41,0.7368,1,0,0,0,0,0,0,,0
A101274_2025-08-31,A101274,2025-08-31,29,500,216.22,0.4324,0,0,0,0,0,0,0,,0
A100366_2025-06-30,A100366,2025-06-30,56,1000,599.45,0.5995,0,0,0,0,0,0,0,,0
A100381_2025-07-31,A100381,2025-07-31,77,1000,618.94,0.6189,0,0,0,0,0,0,0,,0
A100690_2025-04-30,A100690,2025-04-30,60,1000,539.88,0.5399,0,0,0,0,0,0,0,,0
A100811_2026-01-31,A100811,2026-01-31,16,2500,1082.93,0.4332,3,0,0,0,0,0,0,,0
A100717_2025-06-30,A100717,2025-06-30,24,1000,778.25,0.7782,2,0,0,0,0,0,0,,0
A100137_2026-03-31,A100137,2026-03-31,71,5000,4088.94,0.8178,0,0,0,0,0,0,0,,0
A100604_2025-02-28,A100604,2025-02-28,118,5000,2866.41,0.5733,1,0,0,0,0,0,0,,0
A100018_2026-05-31,A100018,2026-05-31,103,8000,4188.76,0.5236,2,0,0,0,0,0,0,,0
A101674_2025-12-31,A101674,2025-12-31,62,5000,2737.66,0.5475,1,0,0,0,0,0,0,,0
A100864_2025-01-31,A100864,2025-01-31,75,8000,3076.75,0.3846,2,0,0,0,0,0,0,,0
A102236_2026-05-31,A102236,2026-05-31,36,500,434.07,0.8681,3,0,0,0,0,0,0,,0
A100338_2026-03-31,A100338,2026-03-31,117,1500,486.15,0.3241,0,0,0,0,0,0,0,,0
A101133_2025-04-30,A101133,2025-04-30,78,2500,1033.68,0.4135,3,0,0,0,0,0,1,2025-06-13,1
A101838_2026-01-31,A101838,2026-01-31,13,500,75.19,0.1504,1,0,0,0,0,0,0,,0
A100842_2026-06-30,A100842,2026-06-30,65,5000,2827.17,0.5654,3,0,0,0,0,0,0,,0
A101137_2026-04-30,A101137,2026-04-30,83,1500,78.16,0.0521,3,0,0,0,0,0,0,,0
A101209_2025-02-28,A101209,2025-02-28,78,5000,4528.85,0.9058,1,0,0,0,1,0,1,2025-03-04,1
A101063_2026-06-30,A101063,2026-06-30,5,2500,1111.08,0.4444,0,0,0,0,0,0,0,,0
A100329_2025-10-31,A100329,2025-10-31,44,5000,2823.73,0.5647,1,0,0,0,0,0,0,,0
A100761_2026-05-31,A100761,2026-05-31,34,1500,1243.81,0.8292,1,0,0,0,0,0,0,,0
A100249_2025-08-31,A100249,2025-08-31,21,5000,5085.21,1.0170,2,0,0,0,1,0,0,,0
A102182_2026-03-31,A102182,2026-03-31,28,500,153.23,0.3065,2,0,0,0,0,0,0,,0
A101897_2026-05-31,A101897,2026-05-31,106,5000,3456.51,0.6913,1,0,0,0,0,0,0,,0
A102269_2025-11-30,A102269,2025-11-30,52,1000,1010.55,1.0106,3,0,0,0,1,0,0,,0
A102269_2026-05-31,A102269,2026-05-31,98,5000,1386.86,0.2774,2,0,0,0,0,0,0,,0
A100459_2025-05-31,A100459,2025-05-31,64,5000,2522.26,0.5045,1,0,1,0,0,1,0,,0
A100507_2025-10-31,A100507,2025-10-31,59,8000,6153.32,0.7692,2,0,0,0,0,0,0,,0
A101484_2026-05-31,A101484,2026-05-31,119,8000,6023.39,0.7529,1,0,0,0,0,0,0,,0
A101000_2025-03-31,A101000,2025-03-31,54,500,573.11,1.1462,1,0,0,0,1,0,0,,0
A100483_2025-08-31,A100483,2025-08-31,86,500,160.26,0.3205,1,0,0,1,0,1,0,,0
A100201_2026-03-31,A100201,2026-03-31,12,1500,39.91,0.0266,2,0,0,0,0,0,0,,0
A101433_2025-07-31,A101433,2025-07-31,2,5000,2979.93,0.5960,1,0,0,0,0,0,0,,0
A102111_2025-11-30,A102111,2025-11-30,87,2500,1750.63,0.7003,3,0,1,0,0,1,0,,0
A101738_2025-04-30,A101738,2025-04-30,107,8000,6275.06,0.7844,3,0,0,0,0,0,0,,0
A100223_2026-03-31,A100223,2026-03-31,80,5000,1809.76,0.3620,3,0,0,0,0,0,0,,0
A101470_2026-01-31,A101470,2026-01-31,33,5000,3211.62,0.6423,1,0,0,0,0,0,0,,0
A101266_2026-05-31,A101266,2026-05-31,73,5000,3320.04,0.6640,0,0,0,0,0,0,0,,0
A100061_2025-03-31,A100061,2025-03-31,31,2500,2280.18,0.9121,0,1,0,0,1,1,0,,0
A100379_2026-05-31,A100379,2026-05-31,76,2500,2475.86,0.9903,3,1,0,0,1,1,0,,0
A100200_2026-04-30,A100200,2026-04-30,65,1000,851.88,0.8519,1,1,0,0,0,1,1,2026-05-11,1
A100363_2025-12-31,A100363,2025-12-31,84,500,196.47,0.3929,3,0,0,0,0,0,0,,0
A101830_2025-09-30,A101830,2025-09-30,88,1000,675.04,0.6750,0,0,0,0,0,0,0,,0
A100186_2026-05-31,A100186,2026-05-31,16,8000,6277.15,0.7846,1,0,0,0,0,0,0,,0
A100162_2025-12-31,A100162,2025-12-31,7,500,69.22,0.1384,1,0,0,0,0,0,0,,0
A101774_2025-09-30,A101774,2025-09-30,85,2500,1239.01,0.4956,0,0,0,0,0,0,0,,0
A101631_2025-04-30,A101631,2025-04-30,26,2500,2186.75,0.8747,2,1,0,0,0,1,0,,0
A100911_2025-02-28,A100911,2025-02-28,52,2500,1874.62,0.7498,3,1,1,1,0,1,0,,0
A100786_2025-09-30,A100786,2025-09-30,118,8000,6312.46,0.7891,3,0,0,0,0,0,0,,0
A102304_2026-04-30,A102304,2026-04-30,38,500,361.71,0.7234,3,1,1,0,0,1,1,2026-07-11,1
A100103_2025-07-31,A100103,2025-07-31,75,8000,7443.01,0.9304,0,1,0,1,1,1,0,,0
A102387_2025-10-31,A102387,2025-10-31,45,1000,661.10,0.6611,2,0,0,0,0,0,0,,0
A101793_2026-03-31,A101793,2026-03-31,23,500,380.76,0.7615,3,0,0,0,0,0,0,,0
A101067_2025-04-30,A101067,2025-04-30,15,2500,1952.66,0.7811,0,0,1,1,0,1,0,,0
A101448_2025-03-31,A101448,2025-03-31,112,1500,1153.20,0.7688,3,0,0,0,0,0,0,,0
A102317_2025-07-31,A102317,2025-07-31,40,5000,2724.92,0.5450,1,0,0,0,0,0,1,2025-08-04,1
A102090_2025-08-31,A102090,2025-08-31,80,1500,719.04,0.4794,0,0,0,0,0,0,0,,0
A102178_2025-10-31,A102178,2025-10-31,36,500,219.71,0.4394,3,0,0,0,0,0,0,,0
A102092_2026-01-31,A102092,2026-01-31,70,1500,636.26,0.4242,0,0,0,0,0,0,1,2026-02-09,1
A100872_2026-04-30,A100872,2026-04-30,111,1500,1505.27,1.0035,2,0,0,0,1,0,1,2026-06-22,1
A100849_2025-08-31,A100849,2025-08-31,101,2500,845.46,0.3382,2,0,0,0,0,0,0,,0
A101477_2026-02-28,A101477,2026-02-28,5,2500,600.10,0.2400,2,0,0,0,0,0,0,,0
A100444_2025-07-31,A100444,2025-07-31,63,500,207.47,0.4149,3,1,1,0,0,1,0,,0
A101720_2026-03-31,A101720,2026-03-31,37,2500,1737.92,0.6952,1,0,0,0,0,0,0,,0
A100646_2025-12-31,A100646,2025-12-31,36,500,490.92,0.9818,2,1,0,1,1,1,1,2026-03-14,1
A101736_2025-07-31,A101736,2025-07-31,20,1500,479.81,0.3199,0,0,0,0,0,0,0,,0
A102438_2025-09-30,A102438,2025-09-30,3,2500,904.56,0.3618,0,0,0,0,0,0,0,,0
A100519_2025-02-28,A100519,2025-02-28,80,8000,5644.50,0.7056,1,0,0,0,0,0,0,,0
A100949_2025-10-31,A100949,2025-10-31,13,1000,423.64,0.4236,1,0,0,0,0,0,0,,0
A101318_2025-05-31,A101318,2025-05-31,5,5000,403.26,0.0807,2,0,0,0,0,0,0,,0
A101885_2025-05-31,A101885,2025-05-31,31,1000,0.00,0.0000,2,1,0,0,0,1,0,,0
A101636_2025-09-30,A101636,2025-09-30,84,2500,2095.77,0.8383,1,0,0,0,0,0,0,,0
A102128_2025-11-30,A102128,2025-11-30,35,2500,1491.85,0.5967,0,0,0,0,0,0,0,,0
A100717_2026-04-30,A100717,2026-04-30,71,2500,670.76,0.2683,1,0,0,0,0,0,0,,0
A101803_2025-04-30,A101803,2025-04-30,40,2500,2037.85,0.8151,0,0,0,0,0,0,0,,0
A101771_2026-02-28,A101771,2026-02-28,65,2500,679.58,0.2718,2,0,0,0,0,0,0,,0
A100693_2025-04-30,A100693,2025-04-30,66,5000,1545.59,0.3091,1,0,0,0,0,0,0,,0
A102465_2025-10-31,A102465,2025-10-31,37,500,279.76,0.5595,2,0,0,0,0,0,0,,0
A101341_2025-05-31,A101341,2025-05-31,43,8000,5422.35,0.6778,3,1,0,0,0,1,0,,0
A100015_2025-06-30,A100015,2025-06-30,85,1000,361.99,0.3620,3,0,0,0,0,0,0,,0
A101872_2025-06-30,A101872,2025-06-30,107,1500,876.65,0.5844,3,0,0,0,0,0,0,,0
A100172_2026-05-31,A100172,2026-05-31,70,2500,1176.32,0.4705,1,0,0,0,0,0,0,,0
A100762_2025-09-30,A100762,2025-09-30,104,8000,1287.48,0.1609,1,0,0,0,0,0,0,,0
A102188_2025-05-31,A102188,2025-05-31,92,2500,1364.23,0.5457,0,0,0,0,0,0,0,,0
A102237_2025-08-31,A102237,2025-08-31,86,2500,1350.82,0.5403,1,0,0,0,0,0,0,,0
A100672_2025-03-31,A100672,2025-03-31,84,500,165.38,0.3308,0,0,0,0,0,0,0,,0
A102097_2025-06-30,A102097,2025-06-30,35,500,378.56,0.7571,0,1,0,0,0,1,0,,0
A101859_2025-09-30,A101859,2025-09-30,111,1000,970.76,0.9708,1,0,0,0,1,0,0,,0
A100539_2025-12-31,A100539,2025-12-31,48,500,297.46,0.5949,0,0,0,0,0,0,0,,0
A101231_2025-03-31,A101231,2025-03-31,112,1000,521.33,0.5213,3,0,0,0,0,0,0,,0
A100022_2025-03-31,A100022,2025-03-31,94,1500,847.98,0.5653,3,0,0,0,0,0,0,,0
A102223_2026-04-30,A102223,2026-04-30,49,2500,1646.09,0.6584,1,0,0,0,0,0,0,,0
A102090_2025-09-30,A102090,2025-09-30,18,8000,4190.78,0.5238,0,0,0,0,0,0,0,,0
A102088_2025-12-31,A102088,2025-12-31,65,2500,1554.42,0.6218,0,0,0,0,0,0,0,,0
A101462_2026-02-28,A101462,2026-02-28,27,1000,316.79,0.3168,3,0,0,0,0,0,0,,0
A100755_2026-04-30,A100755,2026-04-30,65,1000,882.11,0.8821,1,0,0,0,0,0,0,,0
A100386_2025-09-30,A100386,2025-09-30,36,1500,541.63,0.3611,3,0,0,0,0,0,0,,0
A100007_2025-11-30,A100007,2025-11-30,33,1000,334.06,0.3341,1,0,0,0,0,0,0,,0
A100391_2026-03-31,A100391,2026-03-31,105,2500,513.09,0.2052,3,0,0,0,0,0,0,,0
A102087_2025-06-30,A102087,2025-06-30,41,1000,694.90,0.6949,3,0,0,0,0,0,0,,0
A102365_2025-07-31,A102365,2025-07-31,21,2500,1024.40,0.4098,3,0,1,0,0,1,0,,0
A100816_2026-03-31,A100816,2026-03-31,5,8000,3723.24,0.4654,0,0,0,0,0,0,0,,0
A101255_2025-08-31,A101255,2025-08-31,74,1000,406.17,0.4062,3,0,0,0,0,0,0,,0
A101257_2025-06-30,A101257,2025-06-30,33,5000,1783.10,0.3566,0,0,0,0,0,0,0,,0
A100808_2025-09-30,A100808,2025-09-30,27,500,266.59,0.5332,2,0,0,0,0,0,0,,0
A101890_2025-08-31,A101890,2025-08-31,48,1000,1023.10,1.0231,3,1,0,1,1,1,0,,0
A101348_2025-04-30,A101348,2025-04-30,58,8000,3968.67,0.4961,1,0,0,0,0,0,0,,0
A101686_2026-02-28,A101686,2026-02-28,29,1500,829.93,0.5533,3,1,0,0,0,1,0,,0
A101805_2026-03-31,A101805,2026-03-31,75,5000,3441.04,0.6882,1,0,0,0,0,0,0,,0
A100864_2025-02-28,A100864,2025-02-28,72,1000,301.65,0.3016,3,0,0,0,0,0,0,,0
A102083_2025-05-31,A102083,2025-05-31,11,8000,1597.21,0.1997,0,1,0,0,0,1,0,,0
A100789_2026-04-30,A100789,2026-04-30,105,1000,928.08,0.9281,2,0,0,0,1,0,0,,0
A100584_2026-02-28,A100584,2026-02-28,85,500,260.60,0.5212,3,0,0,0,0,0,0,,0
A100278_2025-05-31,A100278,2025-05-31,7,8000,4047.79,0.5060,0,0,0,0,0,0,0,,0
A102235_2025-06-30,A102235,2025-06-30,15,500,269.45,0.5389,2,1,0,0,0,1,1,2025-09-07,1
A100735_2026-02-28,A100735,2026-02-28,82,5000,2283.69,0.4567,3,0,0,0,0,0,0,,0
A101995_2026-03-31,A101995,2026-03-31,50,500,192.39,0.3848,1,0,0,0,0,0,0,,0
A101610_2026-06-30,A101610,2026-06-30,97,5000,3105.52,0.6211,2,0,0,0,0,0,0,,0
A101075_2025-07-31,A101075,2025-07-31,20,2500,715.37,0.2861,2,0,0,0,0,0,0,,0
A101117_2025-09-30,A101117,2025-09-30,16,5000,3844.76,0.7690,0,0,0,0,0,0,0,,0
A101240_2026-03-31,A101240,2026-03-31,91,500,454.55,0.9091,3,1,0,1,1,1,1,2026-05-26,1
A101537_2026-01-31,A101537,2026-01-31,17,2500,2047.59,0.8190,0,1,0,0,0,1,0,,0
A100333_2025-04-30,A100333,2025-04-30,71,1000,474.24,0.4742,2,0,0,0,0,0,0,,0
A100987_2025-11-30,A100987,2025-11-30,108,500,245.86,0.4917,0,0,0,0,0,0,0,,0
A100239_2025-04-30,A100239,2025-04-30,13,2500,2259.55,0.9038,2,0,0,0,1,0,0,,0
A100087_2025-10-31,A100087,2025-10-31,59,5000,3502.53,0.7005,2,0,0,0,0,0,0,,0
A100350_2025-04-30,A100350,2025-04-30,103,5000,1849.10,0.3698,0,0,0,0,0,0,0,,0
A101261_2026-01-31,A101261,2026-01-31,32,2500,1387.02,0.5548,2,0,0,0,0,0,0,,0
A101778_2026-04-30,A101778,2026-04-30,33,5000,2964.36,0.5929,1,0,0,0,0,0,0,,0
A100718_2026-01-31,A100718,2026-01-31,34,8000,3379.33,0.4224,1,0,0,0,0,0,0,,0
A101230_2025-04-30,A101230,2025-04-30,24,2500,893.84,0.3575,3,1,0,0,0,1,0,,0
A101601_2026-03-31,A101601,2026-03-31,26,1500,466.93,0.3113,2,0,0,0,0,0,0,,0
A100769_2026-02-28,A100769,2026-02-28,19,5000,3420.94,0.6842,3,1,1,0,0,1,1,2026-05-20,1
A100311_2025-06-30,A100311,2025-06-30,107,1500,0.00,0.0000,2,0,0,0,0,0,0,,0
A102463_2026-01-31,A102463,2026-01-31,103,1000,758.41,0.7584,1,0,0,0,0,0,0,,0
A101959_2025-12-31,A101959,2025-12-31,111,500,120.93,0.2419,1,0,0,0,0,0,0,,0
A101347_2025-10-31,A101347,2025-10-31,39,500,261.25,0.5225,0,0,0,0,0,0,0,,0
A101804_2026-01-31,A101804,2026-01-31,101,500,399.52,0.7990,0,0,0,0,0,0,0,,0
A100099_2025-04-30,A100099,2025-04-30,60,8000,1806.14,0.2258,0,0,0,0,0,0,0,,0
A101524_2025-02-28,A101524,2025-02-28,114,500,364.77,0.7295,0,0,0,0,0,0,0,,0
A101987_2025-05-31,A101987,2025-05-31,105,2500,1815.17,0.7261,2,0,0,0,0,0,0,,0
A102347_2025-12-31,A102347,2025-12-31,77,2500,2017.31,0.8069,1,0,0,0,0,0,0,,0
A102051_2026-01-31,A102051,2026-01-31,65,500,368.00,0.7360,2,0,0,0,0,0,0,,0
A101824_2026-04-30,A101824,2026-04-30,60,2500,1488.63,0.5955,2,0,0,0,0,0,0,,0
A100464_2025-09-30,A100464,2025-09-30,96,8000,3023.11,0.3779,1,0,0,0,0,0,0,,0
A101365_2026-04-30,A101365,2026-04-30,62,500,99.28,0.1986,1,0,0,0,0,0,0,,0
A100275_2026-04-30,A100275,2026-04-30,4,500,428.52,0.8570,0,0,0,0,0,0,0,,0
A102401_2026-02-28,A102401,2026-02-28,31,1500,412.31,0.2749,2,0,0,0,0,0,0,,0
A102069_2025-01-31,A102069,2025-01-31,42,500,0.00,0.0000,1,0,0,0,0,0,0,,0
A100227_2026-03-31,A100227,2026-03-31,110,2500,66.59,0.0266,3,0,0,0,0,0,0,,0
A102377_2025-11-30,A102377,2025-11-30,2,2500,930.30,0.3721,0,0,0,0,0,0,0,,0
A100401_2026-02-28,A100401,2026-02-28,85,500,182.56,0.3651,3,0,0,0,0,0,0,,0
A100474_2026-04-30,A100474,2026-04-30,112,1500,1563.33,1.0422,2,0,1,0,1,1,0,,0
A101013_2025-12-31,A101013,2025-12-31,74,2500,1738.93,0.6956,3,1,0,0,0,1,0,,0
A100215_2025-12-31,A100215,2025-12-31,40,5000,2972.07,0.5944,3,0,0,0,0,0,0,,0
A100119_2026-03-31,A100119,2026-03-31,59,5000,5076.36,1.0153,1,0,0,0,1,0,0,,0
A102184_2025-02-28,A102184,2025-02-28,91,1500,884.34,0.5896,2,0,0,0,0,0,0,,0
A101000_2025-02-28,A101000,2025-02-28,117,8000,4290.42,0.5363,1,0,0,0,0,0,0,,0
A100927_2025-11-30,A100927,2025-11-30,79,5000,4171.51,0.8343,0,0,0,0,0,0,0,,0
A101417_2025-06-30,A101417,2025-06-30,103,2500,2254.45,0.9018,1,0,0,0,1,0,0,,0
A101518_2025-01-31,A101518,2025-01-31,68,1500,860.14,0.5734,0,0,0,0,0,0,0,,0
A102243_2025-03-31,A102243,2025-03-31,42,1500,707.07,0.4714,0,0,0,0,0,0,0,,0
A100165_2025-05-31,A100165,2025-05-31,110,2500,1027.93,0.4112,0,0,0,0,0,0,0,,0
A100938_2025-01-31,A100938,2025-01-31,7,1500,815.44,0.5436,0,0,0,0,0,0,0,,0
A102136_2025-12-31,A102136,2025-12-31,107,1000,740.67,0.7407,3,0,0,0,0,0,0,,0
A101129_2025-09-30,A101129,2025-09-30,78,5000,2233.48,0.4467,1,0,0,0,0,0,0,,0
A100992_2025-01-31,A100992,2025-01-31,87,500,306.95,0.6139,0,0,0,0,0,0,0,,0
A101911_2025-06-30,A101911,2025-06-30,57,500,377.01,0.7540,0,0,0,0,0,0,0,,0
A100300_2025-01-31,A100300,2025-01-31,12,8000,3556.63,0.4446,3,0,0,0,0,0,0,,0
A101841_2025-04-30,A101841,2025-04-30,4,2500,1563.38,0.6254,2,0,0,0,0,0,0,,0
A101420_2026-04-30,A101420,2026-04-30,69,1500,763.84,0.5092,3,1,0,0,0,1,0,,0
A100480_2025-08-31,A100480,2025-08-31,56,1500,639.18,0.4261,3,0,0,0,0,0,0,,0
A101968_2025-11-30,A101968,2025-11-30,49,5000,5358.03,1.0716,3,1,0,0,1,1,0,,0
A102025_2025-09-30,A102025,2025-09-30,51,500,135.05,0.2701,1,0,0,0,0,0,0,,0
A101771_2025-07-31,A101771,2025-07-31,1,2500,2242.27,0.8969,2,0,0,0,0,0,0,,0
A100345_2026-02-28,A100345,2026-02-28,85,1000,225.18,0.2252,2,0,0,0,0,0,0,,0
A101917_2025-10-31,A101917,2025-10-31,117,5000,0.00,0.0000,1,0,0,0,0,0,0,,0
A100064_2026-02-28,A100064,2026-02-28,91,500,319.43,0.6389,2,0,0,0,0,0,0,,0
A100875_2026-03-31,A100875,2026-03-31,97,500,148.88,0.2978,1,0,0,0,0,0,0,,0
A100906_2025-11-30,A100906,2025-11-30,49,1000,600.67,0.6007,3,0,0,0,0,0,0,,0
A101861_2026-03-31,A101861,2026-03-31,47,2500,1559.26,0.6237,0,0,0,0,0,0,0,,0
A101694_2025-12-31,A101694,2025-12-31,74,2500,1522.49,0.6090,1,0,0,0,0,0,0,,0
A101744_2025-12-31,A101744,2025-12-31,33,2500,1083.73,0.4335,3,1,0,0,0,1,0,,0
A100219_2025-06-30,A100219,2025-06-30,8,1500,1226.02,0.8173,2,0,0,0,0,0,0,,0
A101223_2026-03-31,A101223,2026-03-31,116,5000,2329.29,0.4659,0,0,0,0,0,0,0,,0
A100625_2026-06-30,A100625,2026-06-30,105,8000,4831.13,0.6039,2,0,0,0,0,0,0,,0
A101753_2025-08-31,A101753,2025-08-31,16,500,372.50,0.7450,3,0,0,0,0,0,0,,0
A100954_2025-10-31,A100954,2025-10-31,24,2500,1638.30,0.6553,1,0,0,0,0,0,0,,0
A101423_2025-05-31,A101423,2025-05-31,77,8000,3267.29,0.4084,0,0,0,0,0,0,0,,0
A102181_2025-08-31,A102181,2025-08-31,82,500,172.17,0.3443,2,0,0,0,0,0,0,,0
A100038_2026-04-30,A100038,2026-04-30,89,2500,1577.42,0.6310,2,0,0,0,0,0,0,,0
A100853_2025-12-31,A100853,2025-12-31,72,2500,400.20,0.1601,2,0,0,0,0,0,0,,0
A100040_2025-01-31,A100040,2025-01-31,76,5000,2126.74,0.4253,2,0,0,0,0,0,0,,0
A102449_2025-08-31,A102449,2025-08-31,63,500,110.02,0.2200,3,0,0,0,0,0,0,,0
A100002_2025-09-30,A100002,2025-09-30,38,8000,3989.61,0.4987,3,0,0,0,0,0,0,,0
A101167_2026-05-31,A101167,2026-05-31,77,1000,424.40,0.4244,1,0,0,0,0,0,0,,0
A101215_2025-12-31,A101215,2025-12-31,118,8000,4793.98,0.5992,3,0,0,0,0,0,0,,0
A100605_2025-04-30,A100605,2025-04-30,39,1500,1022.94,0.6820,3,0,0,0,0,0,0,,0
A101160_2025-12-31,A101160,2025-12-31,33,8000,9158.48,1.1448,0,1,0,0,1,1,0,,0
A101762_2025-09-30,A101762,2025-09-30,115,1500,532.40,0.3549,0,0,0,0,0,0,0,,0
A102100_2025-10-31,A102100,2025-10-31,18,1000,313.83,0.3138,2,1,0,0,0,1,0,,0
A102368_2026-04-30,A102368,2026-04-30,64,1500,1225.29,0.8169,2,0,0,0,0,0,0,,0
A101407_2026-03-31,A101407,2026-03-31,118,5000,3161.70,0.6323,3,0,0,0,0,0,0,,0
A101056_2025-04-30,A101056,2025-04-30,31,1000,239.61,0.2396,1,1,0,0,0,1,0,,0
A102193_2026-05-31,A102193,2026-05-31,45,2500,1223.94,0.4896,1,0,0,0,0,0,0,,0
A101407_2025-02-28,A101407,2025-02-28,11,1500,917.40,0.6116,2,1,1,0,0,1,0,,0
A100714_2025-04-30,A100714,2025-04-30,67,5000,3472.15,0.6944,2,0,0,0,0,0,0,,0
A101960_2025-12-31,A101960,2025-12-31,101,2500,1862.94,0.7452,1,0,0,0,0,0,0,,0
A102000_2025-07-31,A102000,2025-07-31,26,5000,0.00,0.0000,3,0,0,0,0,0,0,,0
A100409_2025-12-31,A100409,2025-12-31,20,500,269.51,0.5390,1,0,0,0,0,0,0,,0
A100320_2026-02-28,A100320,2026-02-28,14,5000,5552.59,1.1105,3,0,0,0,1,0,0,,0
A101403_2025-11-30,A101403,2025-11-30,105,5000,3532.93,0.7066,0,0,0,0,0,0,0,,0
A101410_2026-03-31,A101410,2026-03-31,25,8000,9134.24,1.1418,0,0,0,0,1,0,0,,0
A100517_2025-01-31,A100517,2025-01-31,68,2500,860.69,0.3443,3,0,0,0,0,0,0,,0
A100119_2026-02-28,A100119,2026-02-28,119,5000,2703.40,0.5407,1,0,0,0,0,0,0,,0
A100995_2025-05-31,A100995,2025-05-31,4,8000,4974.82,0.6219,2,0,0,0,0,0,0,,0
A100013_2026-03-31,A100013,2026-03-31,54,8000,10800.00,1.3500,0,0,0,0,1,0,0,,0
A100173_2026-02-28,A100173,2026-02-28,90,1000,856.11,0.8561,3,0,0,0,0,0,0,,0
A101654_2025-05-31,A101654,2025-05-31,65,2500,1328.88,0.5316,0,0,0,0,0,0,0,,0
A102094_2026-06-30,A102094,2026-06-30,24,5000,3268.75,0.6538,1,0,0,0,0,0,0,,0
A100935_2025-05-31,A100935,2025-05-31,7,2500,1490.28,0.5961,3,0,0,0,0,0,0,,0
A100864_2026-02-28,A100864,2026-02-28,39,8000,5200.71,0.6501,1,0,0,0,0,0,0,,0
A101926_2025-06-30,A101926,2025-06-30,6,1500,583.73,0.3892,2,0,0,0,0,0,0,,0
A100436_2025-05-31,A100436,2025-05-31,93,8000,3931.41,0.4914,2,0,0,0,0,0,0,,0
A102303_2025-06-30,A102303,2025-06-30,118,8000,2657.18,0.3321,0,0,0,0,0,0,0,,0
A100528_2025-12-31,A100528,2025-12-31,55,8000,2054.91,0.2569,3,1,0,0,0,1,0,,0
A102118_2026-02-28,A102118,2026-02-28,19,2500,1337.96,0.5352,0,0,0,0,0,0,0,,0
A102030_2026-04-30,A102030,2026-04-30,23,5000,3797.83,0.7596,0,0,0,1,0,1,0,,0
A100210_2025-10-31,A100210,2025-10-31,112,2500,741.65,0.2967,1,0,0,0,0,0,1,2025-12-02,1
A101923_2026-03-31,A101923,2026-03-31,50,500,31.83,0.0637,1,0,0,0,0,0,0,,0
A101496_2025-04-30,A101496,2025-04-30,45,5000,3553.51,0.7107,3,0,0,0,0,0,0,,0
A100883_2025-03-31,A100883,2025-03-31,93,2500,484.39,0.1938,3,0,0,0,0,0,0,,0
A100533_2025-04-30,A100533,2025-04-30,90,5000,4030.30,0.8061,0,0,0,0,0,0,0,,0
A101330_2025-04-30,A101330,2025-04-30,57,5000,2813.24,0.5626,1,0,0,0,0,0,0,,0
A100267_2025-12-31,A100267,2025-12-31,112,5000,3692.39,0.7385,1,0,0,0,0,0,0,,0
A100508_2025-11-30,A100508,2025-11-30,72,1000,572.52,0.5725,1,0,0,0,0,0,0,,0
A102110_2025-10-31,A102110,2025-10-31,33,5000,2200.76,0.4402,1,0,0,0,0,0,0,,0
A102490_2025-06-30,A102490,2025-06-30,76,1000,301.19,0.3012,3,0,0,0,0,0,0,,0
A101618_2025-11-30,A101618,2025-11-30,52,2500,1734.80,0.6939,2,0,0,0,0,0,0,,0
A101026_2025-06-30,A101026,2025-06-30,118,5000,2662.58,0.5325,2,0,0,0,0,0,0,,0
A100553_2025-05-31,A100553,2025-05-31,114,1500,1518.23,1.0122,1,1,0,0,1,1,0,,0
A102225_2025-09-30,A102225,2025-09-30,1,8000,4366.16,0.5458,3,0,0,0,0,0,0,,0
A100446_2025-10-31,A100446,2025-10-31,71,2500,1155.73,0.4623,2,0,0,0,0,0,0,,0
A100222_2025-04-30,A100222,2025-04-30,74,500,358.71,0.7174,0,0,0,0,0,0,0,,0
A102399_2026-03-31,A102399,2026-03-31,25,1000,237.35,0.2374,2,0,0,0,0,0,0,,0
A100480_2026-02-28,A100480,2026-02-28,84,1500,858.07,0.5720,2,0,0,0,0,0,0,,0
A102479_2025-11-30,A102479,2025-11-30,37,1500,802.52,0.5350,0,0,0,0,0,0,0,,0
A101785_2025-12-31,A101785,2025-12-31,120,1500,983.16,0.6554,1,0,0,0,0,0,0,,0
A102114_2026-06-30,A102114,2026-06-30,38,1000,80.04,0.0800,1,1,0,0,0,1,0,,0
A100556_2026-03-31,A100556,2026-03-31,115,5000,1509.06,0.3018,3,0,0,0,0,0,0,,0
A101302_2025-05-31,A101302,2025-05-31,4,5000,3490.32,0.6981,2,0,0,0,0,0,0,,0
A100444_2026-06-30,A100444,2026-06-30,88,1000,608.64,0.6086,3,0,0,0,0,0,0,,0
A100719_2025-05-31,A100719,2025-05-31,58,1000,401.53,0.4015,2,0,0,0,0,0,0,,0
A101653_2026-01-31,A101653,2026-01-31,103,500,301.55,0.6031,2,0,0,0,0,0,0,,0
A100387_2025-05-31,A100387,2025-05-31,73,1500,658.67,0.4391,2,0,0,0,0,0,0,,0
A100413_2025-07-31,A100413,2025-07-31,91,2500,1147.15,0.4589,2,0,0,0,0,0,0,,0
A100511_2026-01-31,A100511,2026-01-31,45,1500,330.90,0.2206,3,0,0,0,0,0,0,,0
A101315_2026-06-30,A101315,2026-06-30,13,8000,702.96,0.0879,2,0,0,0,0,0,0,,0
A101653_2025-12-31,A101653,2025-12-31,98,5000,1634.70,0.3269,2,0,0,0,0,0,0,,0
A100346_2025-07-31,A100346,2025-07-31,85,2500,1173.13,0.4693,0,1,0,0,0,1,1,2025-08-26,1
A102209_2025-07-31,A102209,2025-07-31,53,5000,2100.71,0.4201,1,0,0,0,0,0,0,,0
A100004_2025-09-30,A100004,2025-09-30,7,1000,517.99,0.5180,0,0,0,0,0,0,0,,0
A101545_2025-06-30,A101545,2025-06-30,21,5000,4074.17,0.8148,3,0,0,1,0,1,0,,0
A100950_2025-11-30,A100950,2025-11-30,39,5000,1108.38,0.2217,3,0,0,0,0,0,0,,0
A100517_2026-04-30,A100517,2026-04-30,17,5000,1259.08,0.2518,2,0,1,0,0,1,1,2026-06-21,1
A102004_2025-06-30,A102004,2025-06-30,2,1500,502.09,0.3347,3,0,0,0,0,0,0,,0
A100112_2026-05-31,A100112,2026-05-31,6,500,222.22,0.4444,3,0,0,0,0,0,0,,0
A100320_2026-04-30,A100320,2026-04-30,117,5000,2854.08,0.5708,3,0,0,0,0,0,0,,0
A101992_2025-08-31,A101992,2025-08-31,106,2500,1660.89,0.6644,2,0,0,0,0,0,0,,0
A100854_2025-09-30,A100854,2025-09-30,29,1000,608.52,0.6085,1,0,0,0,0,0,0,,0
A100062_2026-06-30,A100062,2026-06-30,54,1500,1402.71,0.9351,3,0,0,0,1,0,1,2026-08-01,1
A100695_2026-04-30,A100695,2026-04-30,59,2500,841.98,0.3368,2,0,0,0,0,0,0,,0
A101321_2025-07-31,A101321,2025-07-31,82,5000,4525.67,0.9051,3,0,0,0,1,0,0,,0
A102466_2025-04-30,A102466,2025-04-30,43,500,106.16,0.2123,2,0,0,0,0,0,0,,0
A101384_2025-12-31,A101384,2025-12-31,117,8000,3584.54,0.4481,1,0,1,0,0,1,0,,0
A100258_2026-04-30,A100258,2026-04-30,70,8000,5899.90,0.7375,2,0,0,0,0,0,0,,0
A101528_2025-08-31,A101528,2025-08-31,53,5000,2693.85,0.5388,0,0,0,0,0,0,0,,0
A101477_2025-03-31,A101477,2025-03-31,74,5000,3869.96,0.7740,3,0,0,0,0,0,1,2025-04-17,1
A100075_2025-12-31,A100075,2025-12-31,54,500,364.98,0.7300,2,1,1,0,0,1,0,,0
A102167_2026-04-30,A102167,2026-04-30,13,5000,2420.51,0.4841,2,1,0,0,0,1,0,,0
A100588_2025-03-31,A100588,2025-03-31,95,2500,939.32,0.3757,1,0,0,0,0,0,0,,0
A102123_2025-12-31,A102123,2025-12-31,105,8000,4859.26,0.6074,3,0,0,0,0,0,0,,0
A102289_2025-07-31,A102289,2025-07-31,11,500,37.21,0.0744,0,0,0,0,0,0,0,,0
A100758_2026-02-28,A100758,2026-02-28,53,5000,2098.29,0.4197,2,0,1,1,0,1,0,,0
A102231_2025-05-31,A102231,2025-05-31,17,1500,354.58,0.2364,1,0,0,0,0,0,0,,0
A101493_2025-11-30,A101493,2025-11-30,3,500,333.82,0.6676,3,0,0,0,0,0,0,,0
A101847_2025-08-31,A101847,2025-08-31,120,500,217.21,0.4344,1,0,0,0,0,0,0,,0
A101328_2026-03-31,A101328,2026-03-31,41,2500,1028.24,0.4113,1,0,0,0,0,0,0,,0
A101558_2026-04-30,A101558,2026-04-30,24,5000,4160.54,0.8321,3,0,0,0,0,0,0,,0
A100984_2026-01-31,A100984,2026-01-31,110,1000,759.15,0.7591,0,0,0,0,0,0,0,,0
A101935_2026-01-31,A101935,2026-01-31,88,1000,347.24,0.3472,1,0,0,0,0,0,0,,0
A102457_2025-06-30,A102457,2025-06-30,43,1500,575.37,0.3836,1,0,0,0,0,0,0,,0
A101825_2026-02-28,A101825,2026-02-28,65,2500,537.78,0.2151,1,0,0,0,0,0,0,,0
A100267_2025-03-31,A100267,2025-03-31,40,500,345.46,0.6909,3,0,0,0,0,0,0,,0
A101919_2025-01-31,A101919,2025-01-31,52,500,141.88,0.2838,1,1,0,0,0,1,1,2025-02-05,1
A100828_2025-12-31,A100828,2025-12-31,53,1500,606.59,0.4044,1,0,0,0,0,0,0,,0
A101077_2025-07-31,A101077,2025-07-31,100,500,566.31,1.1326,0,1,0,0,1,1,1,2025-10-18,1
A100446_2025-01-31,A100446,2025-01-31,100,2500,813.70,0.3255,3,0,0,0,0,0,0,,0
A100067_2026-04-30,A100067,2026-04-30,19,5000,5049.02,1.0098,3,1,0,0,1,1,0,,0
A102179_2026-04-30,A102179,2026-04-30,3,1500,980.34,0.6536,2,0,1,0,0,1,0,,0
A100297_2026-03-31,A100297,2026-03-31,105,500,31.40,0.0628,3,0,0,0,0,0,0,,0
A100494_2025-10-31,A100494,2025-10-31,2,2500,1187.86,0.4751,0,0,0,0,0,0,0,,0
A100960_2026-02-28,A100960,2026-02-28,110,1000,711.21,0.7112,0,0,0,0,0,0,0,,0
A102326_2025-06-30,A102326,2025-06-30,68,8000,5616.69,0.7021,0,0,0,0,0,0,0,,0
A101329_2025-12-31,A101329,2025-12-31,51,500,170.29,0.3406,3,0,0,1,0,1,0,,0
A100829_2025-12-31,A100829,2025-12-31,53,1000,854.87,0.8549,3,0,0,0,0,0,0,,0
A101387_2026-02-28,A101387,2026-02-28,74,1000,278.95,0.2789,0,0,0,0,0,0,0,,0
A101991_2025-02-28,A101991,2025-02-28,111,8000,5812.19,0.7265,0,0,0,0,0,0,0,,0
A100512_2025-08-31,A100512,2025-08-31,80,5000,1937.94,0.3876,2,0,0,0,0,0,0,,0
A100704_2026-04-30,A100704,2026-04-30,34,5000,3190.93,0.6382,3,1,0,0,0,1,0,,0
A101973_2025-11-30,A101973,2025-11-30,117,5000,1908.09,0.3816,2,0,0,0,0,0,0,,0
A100518_2025-03-31,A100518,2025-03-31,15,1000,267.07,0.2671,1,0,0,0,0,0,0,,0
A102220_2025-09-30,A102220,2025-09-30,47,2500,1677.90,0.6712,2,0,0,0,0,0,0,,0
A101078_2026-01-31,A101078,2026-01-31,42,1500,434.00,0.2893,1,1,0,0,0,1,1,2026-04-03,1
A102018_2025-01-31,A102018,2025-01-31,84,1000,797.30,0.7973,1,0,0,0,0,0,0,,0
A102052_2026-04-30,A102052,2026-04-30,72,500,343.22,0.6864,0,0,0,0,0,0,0,,0
A102467_2026-01-31,A102467,2026-01-31,68,500,229.88,0.4598,2,1,0,1,0,1,0,,0
A101418_2025-04-30,A101418,2025-04-30,26,5000,2059.37,0.4119,3,0,0,0,0,0,0,,0
A100475_2026-03-31,A100475,2026-03-31,30,1500,698.10,0.4654,1,0,0,0,0,0,0,,0
A100581_2026-06-30,A100581,2026-06-30,100,8000,5021.90,0.6277,1,0,0,0,0,0,0,,0
A100757_2025-05-31,A100757,2025-05-31,51,500,86.19,0.1724,2,0,0,0,0,0,0,,0
A102423_2025-01-31,A102423,2025-01-31,4,8000,4996.46,0.6246,0,0,0,0,0,0,0,,0
A100430_2026-01-31,A100430,2026-01-31,31,5000,0.00,0.0000,2,0,0,0,0,0,0,,0
A102212_2025-06-30,A102212,2025-06-30,99,8000,6849.95,0.8562,0,0,0,0,0,0,0,,0
A102328_2026-02-28,A102328,2026-02-28,57,1000,294.82,0.2948,0,0,0,0,0,0,0,,0
A101235_2026-03-31,A101235,2026-03-31,103,8000,5349.79,0.6687,2,0,0,0,0,0,0,,0
A100176_2026-04-30,A100176,2026-04-30,64,1500,279.01,0.1860,1,0,0,0,0,0,0,,0
A101982_2025-03-31,A101982,2025-03-31,10,1000,548.84,0.5488,3,0,0,0,0,0,0,,0
A102171_2025-12-31,A102171,2025-12-31,50,5000,2910.99,0.5822,0,0,0,0,0,0,0,,0
A101308_2025-11-30,A101308,2025-11-30,96,2500,1464.64,0.5859,3,0,0,0,0,0,0,,0
A100844_2026-01-31,A100844,2026-01-31,29,2500,1214.11,0.4856,3,0,0,0,0,0,0,,0
A102427_2025-08-31,A102427,2025-08-31,43,8000,5324.92,0.6656,0,0,0,0,0,0,0,,0
A102312_2025-03-31,A102312,2025-03-31,116,8000,3655.88,0.4570,3,0,0,0,0,0,0,,0
A101128_2026-06-30,A101128,2026-06-30,115,1000,792.25,0.7923,1,0,0,0,0,0,0,,0
A102243_2025-04-30,A102243,2025-04-30,27,2500,1445.10,0.5780,3,0,0,0,0,0,0,,0
A100290_2025-05-31,A100290,2025-05-31,99,500,227.62,0.4552,2,0,0,0,0,0,0,,0
A101957_2026-01-31,A101957,2026-01-31,33,1000,660.67,0.6607,1,0,0,0,0,0,0,,0
A102466_2025-06-30,A102466,2025-06-30,29,2500,1204.67,0.4819,2,0,0,0,0,0,0,,0
A100960_2026-06-30,A100960,2026-06-30,109,5000,2623.36,0.5247,2,0,0,0,0,0,0,,0
A100674_2025-09-30,A100674,2025-09-30,83,1000,665.77,0.6658,3,0,1,0,0,1,0,,0
A102201_2025-12-31,A102201,2025-12-31,40,1500,1269.76,0.8465,2,0,0,0,0,0,0,,0
A101842_2025-06-30,A101842,2025-06-30,33,8000,307.37,0.0384,0,0,0,0,0,0,0,,0
A101846_2025-06-30,A101846,2025-06-30,14,1500,389.17,0.2594,1,0,0,0,0,0,0,,0
A100048_2026-05-31,A100048,2026-05-31,13,500,315.92,0.6318,0,0,0,0,0,0,0,,0
A100428_2025-08-31,A100428,2025-08-31,31,500,194.00,0.3880,3,0,0,0,0,0,0,,0
A100140_2026-06-30,A100140,2026-06-30,17,5000,4377.28,0.8755,0,0,0,0,0,0,0,,0
A100383_2025-12-31,A100383,2025-12-31,89,500,318.07,0.6361,0,0,0,0,0,0,0,,0
A100192_2025-12-31,A100192,2025-12-31,111,1500,946.88,0.6313,0,0,0,0,0,0,0,,0
A100996_2026-05-31,A100996,2026-05-31,16,1000,578.01,0.5780,1,0,0,1,0,1,0,,0
A100040_2025-03-31,A100040,2025-03-31,23,1500,1018.12,0.6787,2,0,0,0,0,0,0,,0
A101377_2025-09-30,A101377,2025-09-30,72,5000,3125.48,0.6251,1,0,0,0,0,0,0,,0
A100466_2025-04-30,A100466,2025-04-30,29,1000,410.79,0.4108,0,0,0,0,0,0,0,,0
A101551_2026-02-28,A101551,2026-02-28,46,2500,2178.17,0.8713,1,1,0,1,0,1,1,2026-03-20,1
A101779_2026-04-30,A101779,2026-04-30,74,2500,1189.21,0.4757,3,0,0,0,0,0,0,,0
A101938_2025-01-31,A101938,2025-01-31,92,1000,845.19,0.8452,2,0,0,0,0,0,0,,0
A100379_2025-10-31,A100379,2025-10-31,15,1500,881.57,0.5877,1,0,0,0,0,0,0,,0
A102046_2025-09-30,A102046,2025-09-30,46,1500,808.67,0.5391,2,0,0,0,0,0,0,,0
A100101_2025-01-31,A100101,2025-01-31,110,8000,8207.40,1.0259,2,1,0,0,1,1,0,,0
A100656_2026-01-31,A100656,2026-01-31,47,1000,636.63,0.6366,0,0,0,0,0,0,0,,0
A101239_2026-05-31,A101239,2026-05-31,119,2500,455.74,0.1823,3,0,0,0,0,0,0,,0
A101901_2025-02-28,A101901,2025-02-28,120,2500,943.86,0.3775,1,0,1,0,0,1,1,2025-05-06,1
A101464_2025-09-30,A101464,2025-09-30,98,1000,687.04,0.6870,0,0,0,0,0,0,0,,0
A100417_2026-05-31,A100417,2026-05-31,6,500,162.59,0.3252,0,0,0,0,0,0,0,,0
A100365_2025-06-30,A100365,2025-06-30,25,8000,6026.28,0.7533,0,0,0,0,0,0,0,,0
A100589_2025-07-31,A100589,2025-07-31,111,5000,2706.92,0.5414,0,0,0,0,0,0,0,,0
A101804_2025-04-30,A101804,2025-04-30,78,5000,2603.14,0.5206,2,0,0,0,0,0,0,,0
A101899_2025-02-28,A101899,2025-02-28,115,8000,5219.11,0.6524,1,0,0,0,0,0,0,,0
A102223_2026-01-31,A102223,2026-01-31,120,1500,613.15,0.4088,3,0,0,0,0,0,0,,0
A102208_2025-05-31,A102208,2025-05-31,64,5000,1898.82,0.3798,1,0,0,0,0,0,0,,0
A102208_2025-08-31,A102208,2025-08-31,21,1000,876.66,0.8767,2,0,0,0,0,0,0,,0
A101111_2026-05-31,A101111,2026-05-31,8,1500,1202.51,0.8017,0,0,0,0,0,0,0,,0
A101313_2025-02-28,A101313,2025-02-28,91,5000,1493.05,0.2986,3,0,0,0,0,0,0,,0
A100749_2025-03-31,A100749,2025-03-31,90,2500,1746.19,0.6985,0,0,0,0,0,0,0,,0
A102017_2025-05-31,A102017,2025-05-31,50,5000,3529.67,0.7059,0,0,0,0,0,0,0,,0
A102084_2025-03-31,A102084,2025-03-31,84,1500,1226.95,0.8180,2,0,0,0,0,0,1,2025-05-02,1
A101095_2025-10-31,A101095,2025-10-31,107,5000,4809.75,0.9619,1,1,0,0,1,1,0,,0
A100315_2025-09-30,A100315,2025-09-30,63,2500,140.29,0.0561,0,0,0,0,0,0,0,,0
A100252_2026-05-31,A100252,2026-05-31,86,1500,608.27,0.4055,1,0,0,0,0,0,0,,0
A101391_2025-10-31,A101391,2025-10-31,78,5000,2916.84,0.5834,2,1,0,0,0,1,0,,0
A100993_2026-01-31,A100993,2026-01-31,36,500,329.54,0.6591,1,0,0,0,0,0,0,,0
A101593_2026-03-31,A101593,2026-03-31,40,5000,1247.02,0.2494,2,0,0,1,0,1,0,,0
A102280_2025-03-31,A102280,2025-03-31,64,500,435.62,0.8712,1,0,0,0,0,0,0,,0
A100057_2025-07-31,A100057,2025-07-31,74,8000,4860.93,0.6076,1,0,0,0,0,0,0,,0
A100553_2025-12-31,A100553,2025-12-31,92,1000,761.21,0.7612,3,0,0,0,0,0,0,,0
A102284_2025-07-31,A102284,2025-07-31,112,1500,1214.94,0.8100,1,0,0,0,0,0,0,,0
A100252_2026-04-30,A100252,2026-04-30,42,8000,5363.15,0.6704,0,0,0,0,0,0,0,,0
A101496_2025-03-31,A101496,2025-03-31,69,1000,366.30,0.3663,3,0,0,0,0,0,0,,0
A101960_2025-05-31,A101960,2025-05-31,27,1000,353.24,0.3532,0,0,0,0,0,0,0,,0
A100563_2025-02-28,A100563,2025-02-28,84,5000,3339.86,0.6680,3,1,0,0,0,1,0,,0
A101338_2026-02-28,A101338,2026-02-28,103,5000,3521.01,0.7042,2,1,0,0,0,1,0,,0
A102246_2025-12-31,A102246,2025-12-31,25,8000,3340.58,0.4176,2,0,0,0,0,0,0,,0
A100879_2025-11-30,A100879,2025-11-30,69,5000,3695.06,0.7390,0,0,0,0,0,0,0,,0
A101352_2025-10-31,A101352,2025-10-31,29,2500,869.93,0.3480,3,0,0,0,0,0,0,,0
A101430_2025-07-31,A101430,2025-07-31,79,1000,432.48,0.4325,2,0,0,0,0,0,0,,0
A100749_2026-04-30,A100749,2026-04-30,19,8000,3312.68,0.4141,2,1,1,0,0,1,1,2026-05-20,1
A102489_2026-03-31,A102489,2026-03-31,95,500,125.42,0.2508,2,0,0,0,0,0,0,,0
A100303_2025-04-30,A100303,2025-04-30,52,500,354.45,0.7089,2,0,0,0,0,0,0,,0
A100526_2025-03-31,A100526,2025-03-31,88,5000,1839.96,0.3680,1,0,0,0,0,0,0,,0
A100681_2026-03-31,A100681,2026-03-31,4,1000,636.42,0.6364,2,0,0,0,0,0,0,,0
A101740_2025-05-31,A101740,2025-05-31,86,5000,3881.73,0.7763,3,0,0,0,0,0,0,,0
A102353_2025-10-31,A102353,2025-10-31,106,5000,2538.86,0.5078,0,0,0,0,0,0,0,,0
A101333_2025-02-28,A101333,2025-02-28,11,1000,490.51,0.4905,3,0,0,0,0,0,0,,0
A101542_2025-07-31,A101542,2025-07-31,66,1500,865.84,0.5772,1,0,0,0,0,0,0,,0
A102222_2026-05-31,A102222,2026-05-31,46,500,312.02,0.6240,3,0,0,0,0,0,0,,0
A100152_2026-03-31,A100152,2026-03-31,89,5000,1578.15,0.3156,2,1,0,0,0,1,0,,0
A101550_2025-02-28,A101550,2025-02-28,71,8000,3774.87,0.4719,1,0,0,0,0,0,0,,0
A102314_2026-06-30,A102314,2026-06-30,3,2500,1745.78,0.6983,0,0,0,0,0,0,0,,0
A100053_2026-02-28,A100053,2026-02-28,102,2500,1426.20,0.5705,0,0,0,0,0,0,0,,0
A100499_2026-02-28,A100499,2026-02-28,102,500,155.47,0.3109,0,0,0,0,0,0,0,,0
A100338_2026-03-31,A100338,2026-03-31,74,1500,608.87,0.4059,3,0,0,0,0,0,0,,0
A102402_2025-09-30,A102402,2025-09-30,34,2500,2752.89,1.1012,1,0,0,0,1,0,0,,0
A102391_2026-04-30,A102391,2026-04-30,120,2500,474.68,0.1899,2,0,0,0,0,0,0,,0
A100886_2025-02-28,A100886,2025-02-28,2,1000,439.64,0.4396,1,0,0,0,0,0,0,,0
A100548_2026-01-31,A100548,2026-01-31,97,8000,4598.98,0.5749,3,0,1,0,0,1,1,2026-03-11,1
A102078_2025-04-30,A102078,2025-04-30,70,2500,749.34,0.2997,0,0,0,0,0,0,0,,0
A100383_2026-05-31,A100383,2026-05-31,46,1500,916.32,0.6109,0,0,0,0,0,0,0,,0
A102460_2025-07-31,A102460,2025-07-31,47,8000,3085.24,0.3857,1,0,0,0,0,0,0,,0
A102106_2025-09-30,A102106,2025-09-30,58,2500,1461.66,0.5847,2,0,0,1,0,1,0,,0
A101635_2025-08-31,A101635,2025-08-31,113,2500,728.02,0.2912,3,0,0,0,0,0,0,,0
A102235_2025-10-31,A102235,2025-10-31,22,1000,661.78,0.6618,0,0,0,0,0,0,0,,0
A100370_2026-06-30,A100370,2026-06-30,19,500,133.73,0.2675,2,0,0,0,0,0,0,,0
A101820_2025-08-31,A101820,2025-08-31,107,5000,339.56,0.0679,0,0,0,0,0,0,0,,0
A100363_2026-04-30,A100363,2026-04-30,40,5000,2692.48,0.5385,1,0,0,0,0,0,0,,0
A100617_2025-03-31,A100617,2025-03-31,68,2500,510.95,0.2044,0,0,0,0,0,0,0,,0
A102292_2025-01-31,A102292,2025-01-31,98,5000,2449.73,0.4899,3,0,0,0,0,0,0,,0
A100622_2025-06-30,A100622,2025-06-30,62,1000,891.93,0.8919,0,0,0,0,0,0,0,,0
A101502_2025-02-28,A101502,2025-02-28,104,1000,570.21,0.5702,0,0,0,1,0,1,1,2025-03-03,1
A100507_2025-08-31,A100507,2025-08-31,46,1500,920.32,0.6135,0,0,0,0,0,0,0,,0
A100456_2026-05-31,A100456,2026-05-31,100,5000,3174.61,0.6349,0,0,0,0,0,0,0,,0
A100696_2025-08-31,A100696,2025-08-31,42,500,211.26,0.4225,1,0,0,0,0,0,0,,0
A100277_2026-01-31,A100277,2026-01-31,74,1500,1444.86,0.9632,2,0,0,0,1,0,1,2026-04-03,1
A101663_2025-09-30,A101663,2025-09-30,18,1000,803.03,0.8030,2,0,0,0,0,0,0,,0
A102233_2025-10-31,A102233,2025-10-31,92,500,207.25,0.4145,3,0,0,0,0,0,0,,0
A100636_2025-09-30,A100636,2025-09-30,117,5000,4001.58,0.8003,2,0,0,0,0,0,0,,0
A101489_2025-01-31,A101489,2025-01-31,95,1500,759.58,0.5064,0,0,0,0,0,0,0,,0
A101185_2026-06-30,A101185,2026-06-30,117,5000,4829.66,0.9659,3,1,0,0,1,1,1,2026-07-08,1
A101246_2025-09-30,A101246,2025-09-30,92,500,439.97,0.8799,0,0,0,0,0,0,0,,0
A102211_2025-07-31,A102211,2025-07-31,60,2500,380.59,0.1522,2,0,0,0,0,0,0,,0
A101639_2026-05-31,A101639,2026-05-31,67,5000,0.00,0.0000,3,0,0,0,0,0,0,,0
A100316_2026-06-30,A100316,2026-06-30,82,5000,2012.64,0.4025,1,0,1,0,0,1,0,,0
A101789_2025-07-31,A101789,2025-07-31,45,2500,1849.99,0.7400,3,0,0,0,0,0,0,,0
A101684_2025-05-31,A101684,2025-05-31,33,5000,3134.57,0.6269,3,0,0,0,0,0,0,,0
A102230_2025-12-31,A102230,2025-12-31,88,500,284.39,0.5688,2,0,0,0,0,0,0,,0
A102291_2025-07-31,A102291,2025-07-31,97,8000,4524.92,0.5656,2,0,0,0,0,0,0,,0
A100170_2025-03-31,A100170,2025-03-31,75,1000,466.98,0.4670,1,0,0,0,0,0,0,,0
A100726_2025-05-31,A100726,2025-05-31,12,1000,337.80,0.3378,3,1,0,1,0,1,0,,0
A100548_2025-09-30,A100548,2025-09-30,114,8000,6696.61,0.8371,2,0,0,0,0,0,0,,0
A102195_2026-02-28,A102195,2026-02-28,66,5000,4254.32,0.8509,2,1,0,0,0,1,0,,0
A101292_2025-05-31,A101292,2025-05-31,24,8000,7597.64,0.9497,0,0,0,0,1,0,0,,0
A101459_2025-03-31,A101459,2025-03-31,14,2500,1314.08,0.5256,2,0,0,0,0,0,0,,0
A100538_2026-04-30,A100538,2026-04-30,37,1500,787.78,0.5252,0,0,1,0,0,1,0,,0
A101475_2025-01-31,A101475,2025-01-31,116,5000,3538.49,0.7077,2,0,0,0,0,0,0,,0
A101022_2025-08-31,A101022,2025-08-31,65,500,81.84,0.1637,1,0,0,0,0,0,0,,0
A100562_2025-05-31,A100562,2025-05-31,90,500,133.46,0.2669,0,0,0,0,0,0,0,,0
A101228_2025-04-30,A101228,2025-04-30,105,2500,1543.29,0.6173,2,0,0,0,0,0,0,,0
A100191_2025-04-30,A100191,2025-04-30,55,8000,4702.34,0.5878,1,0,0,0,0,0,0,,0
A101637_2026-05-31,A101637,2026-05-31,28,2500,1984.02,0.7936,1,0,0,0,0,0,0,,0
A102109_2025-08-31,A102109,2025-08-31,76,5000,1473.81,0.2948,3,0,0,0,0,0,0,,0
A100888_2026-06-30,A100888,2026-06-30,104,1000,309.58,0.3096,1,0,0,0,0,0,0,,0
A102373_2025-03-31,A102373,2025-03-31,59,5000,3076.84,0.6154,3,0,0,0,0,0,0,,0
A101755_2025-05-31,A101755,2025-05-31,96,1500,564.61,0.3764,1,0,0,0,0,0,0,,0
A101273_2026-01-31,A101273,2026-01-31,69,8000,5277.40,0.6597,2,0,0,0,0,0,0,,0
A101537_2026-06-30,A101537,2026-06-30,113,500,311.35,0.6227,1,0,0,0,0,0,0,,0
A101483_2026-04-30,A101483,2026-04-30,98,8000,2742.66,0.3428,3,0,0,0,0,0,0,,0
A100720_2026-01-31,A100720,2026-01-31,18,500,377.31,0.7546,1,0,0,0,0,0,0,,0
A101683_2025-08-31,A101683,2025-08-31,32,1500,938.40,0.6256,0,0,1,0,0,1,0,,0
A101203_2025-09-30,A101203,2025-09-30,32,8000,4304.57,0.5381,0,0,0,0,0,0,0,,0
A101734_2025-05-31,A101734,2025-05-31,80,5000,2790.48,0.5581,0,0,0,0,0,0,0,,0
A100645_2025-07-31,A100645,2025-07-31,32,1000,984.60,0.9846,0,1,0,1,1,1,1,2025-09-24,1
A100358_2025-10-31,A100358,2025-10-31,20,500,384.17,0.7683,1,0,0,0,0,0,0,,0
A101236_2025-04-30,A101236,2025-04-30,109,500,59.80,0.1196,2,0,0,0,0,0,0,,0
A100516_2026-06-30,A100516,2026-06-30,95,1000,427.66,0.4277,3,0,0,0,0,0,0,,0
A100468_2025-06-30,A100468,2025-06-30,17,8000,4816.52,0.6021,2,0,0,0,0,0,0,,0
A100098_2025-07-31,A100098,2025-07-31,33,500,109.77,0.2195,3,0,0,1,0,1,0,,0
A102314_2026-01-31,A102314,2026-01-31,113,5000,3644.05,0.7288,3,0,0,0,0,0,0,,0
A102241_2026-05-31,A102241,2026-05-31,53,1000,738.46,0.7385,2,0,1,0,0,1,0,,0
A100882_2026-04-30,A100882,2026-04-30,29,5000,3811.17,0.7622,0,0,0,0,0,0,0,,0
A102495_2026-05-31,A102495,2026-05-31,84,500,381.78,0.7636,2,0,0,0,0,0,0,,0
A101245_2025-05-31,A101245,2025-05-31,97,5000,857.19,0.1714,1,0,0,0,0,0,0,,0
A100543_2025-07-31,A100543,2025-07-31,120,500,186.34,0.3727,2,0,0,0,0,0,0,,0
A101043_2026-05-31,A101043,2026-05-31,99,1500,303.29,0.2022,0,0,0,0,0,0,0,,0
A101298_2025-03-31,A101298,2025-03-31,37,2500,315.77,0.1263,0,0,0,0,0,0,0,,0
A100478_2025-12-31,A100478,2025-12-31,68,1000,603.01,0.6030,3,0,0,0,0,0,0,,0
A100742_2026-01-31,A100742,2026-01-31,55,8000,3225.53,0.4032,0,0,0,0,0,0,0,,0
A100764_2025-04-30,A100764,2025-04-30,39,5000,1244.39,0.2489,0,0,0,0,0,0,0,,0
A100167_2025-04-30,A100167,2025-04-30,75,2500,1251.03,0.5004,2,0,0,0,0,0,0,,0
A100321_2025-03-31,A100321,2025-03-31,76,5000,2473.61,0.4947,3,1,0,0,0,1,0,,0
A101032_2025-01-31,A101032,2025-01-31,78,2500,1328.45,0.5314,2,0,0,0,0,0,0,,0
A100228_2026-02-28,A100228,2026-02-28,12,2500,1575.56,0.6302,2,0,0,0,0,0,0,,0
A100817_2025-09-30,A100817,2025-09-30,79,1000,636.63,0.6366,0,0,0,0,0,0,0,,0
A100486_2025-01-31,A100486,2025-01-31,113,500,369.12,0.7382,0,0,0,0,0,0,0,,0
A100142_2025-07-31,A100142,2025-07-31,100,8000,5488.32,0.6860,2,0,0,0,0,0,0,,0
A102142_2026-02-28,A102142,2026-02-28,78,5000,2448.86,0.4898,2,0,0,0,0,0,0,,0
A101803_2026-03-31,A101803,2026-03-31,60,5000,2024.69,0.4049,0,0,0,0,0,0,0,,0
A101957_2026-01-31,A101957,2026-01-31,71,2500,143.11,0.0572,3,0,1,0,0,1,0,,0
A100841_2025-02-28,A100841,2025-02-28,52,8000,2750.60,0.3438,2,0,0,0,0,0,0,,0
A102159_2026-01-31,A102159,2026-01-31,54,5000,4219.05,0.8438,2,0,0,0,0,0,0,,0
A101693_2025-12-31,A101693,2025-12-31,89,500,233.09,0.4662,1,0,0,0,0,0,0,,0
A100739_2026-01-31,A100739,2026-01-31,92,1000,693.50,0.6935,2,0,0,0,0,0,0,,0
A100055_2025-04-30,A100055,2025-04-30,63,2500,903.42,0.3614,2,1,0,0,0,1,0,,0
A101374_2025-07-31,A101374,2025-07-31,113,1500,740.21,0.4935,1,0,0,0,0,0,0,,0
A100481_2026-03-31,A100481,2026-03-31,29,500,201.18,0.4024,3,1,0,0,0,1,0,,0
A101662_2026-05-31,A101662,2026-05-31,10,500,236.45,0.4729,1,0,0,0,0,0,0,,0
A101118_2026-05-31,A101118,2026-05-31,47,1000,328.01,0.3280,1,0,0,0,0,0,0,,0
A102453_2025-12-31,A102453,2025-12-31,3,1000,870.78,0.8708,2,1,0,0,0,1,0,,0
A101009_2025-02-28,A101009,2025-02-28,98,2500,1869.29,0.7477,3,0,0,0,0,0,0,,0
A102355_2025-05-31,A102355,2025-05-31,13,1500,1224.60,0.8164,3,1,0,0,0,1,1,2025-07-10,1
A101041_2025-07-31,A101041,2025-07-31,39,8000,6788.17,0.8485,3,0,0,0,0,0,0,,0
A102169_2025-02-28,A102169,2025-02-28,41,8000,4583.07,0.5729,3,1,0,1,0,1,0,,0
A100098_2025-03-31,A100098,2025-03-31,86,1500,813.02,0.5420,1,0,0,0,0,0,0,,0
A101384_2025-12-31,A101384,2025-12-31,14,1500,944.85,0.6299,0,0,0,0,0,0,0,,0
A100247_2026-01-31,A100247,2026-01-31,29,1000,507.07,0.5071,0,0,0,0,0,0,0,,0
A100038_2025-04-30,A100038,2025-04-30,34,2500,1276.15,0.5105,3,0,0,0,0,0,0,,0
A101376_2025-03-31,A101376,2025-03-31,114,2500,2648.61,1.0594,2,0,0,0,1,0,0,,0
A100713_2025-10-31,A100713,2025-10-31,100,1000,158.88,0.1589,2,0,0,0,0,0,0,,0
A102005_2025-05-31,A102005,2025-05-31,56,1500,1894.93,1.2633,3,0,0,0,1,0,0,,0
A100416_2025-03-31,A100416,2025-03-31,98,8000,267.34,0.0334,0,0,0,1,0,1,0,,0
A100529_2025-01-31,A100529,2025-01-31,32,5000,1755.02,0.3510,2,0,0,0,0,0,0,,0
A100014_2026-05-31,A100014,2026-05-31,5,2500,2640.55,1.0562,0,0,0,0,1,0,0,,0
A100946_2025-05-31,A100946,2025-05-31,88,2500,1070.49,0.4282,0,0,0,0,0,0,0,,0
A101701_2026-02-28,A101701,2026-02-28,8,5000,3062.25,0.6125,2,0,0,0,0,0,0,,0
A101401_2025-11-30,A101401,2025-11-30,49,1500,1347.86,0.8986,0,0,0,0,0,0,0,,0
A101105_2025-10-31,A101105,2025-10-31,51,2500,851.87,0.3407,2,0,0,0,0,0,0,,0
A101689_2025-01-31,A101689,2025-01-31,35,2500,901.66,0.3607,0,0,0,0,0,0,0,,0
A101299_2025-01-31,A101299,2025-01-31,9,1000,323.35,0.3234,1,0,0,0,0,0,0,,0
A102313_2025-11-30,A102313,2025-11-30,89,1500,0.00,0.0000,1,0,0,0,0,0,0,,0
A101981_2025-11-30,A101981,2025-11-30,120,2500,649.53,0.2598,1,0,0,0,0,0,0,,0
A100673_2026-04-30,A100673,2026-04-30,76,2500,2352.74,0.9411,3,0,0,0,1,0,0,,0
A100874_2025-12-31,A100874,2025-12-31,7,1500,713.57,0.4757,2,0,0,0,0,0,0,,0
A102413_2025-06-30,A102413,2025-06-30,51,1000,1124.34,1.1243,2,1,0,0,1,1,0,,0
A101162_2026-06-30,A101162,2026-06-30,114,500,264.24,0.5285,3,0,0,0,0,0,0,,0
A101489_2026-04-30,A101489,2026-04-30,94,8000,4047.05,0.5059,0,0,0,0,0,0,0,,0
A100620_2025-01-31,A100620,2025-01-31,114,1500,968.92,0.6459,0,0,0,0,0,0,0,,0
A100093_2025-04-30,A100093,2025-04-30,95,1500,999.26,0.6662,2,0,0,0,0,0,0,,0
A101210_2026-01-31,A101210,2026-01-31,76,1500,942.53,0.6284,3,0,0,0,0,0,0,,0
A101751_2026-03-31,A101751,2026-03-31,61,1500,1496.80,0.9979,1,0,0,0,1,0,1,2026-06-19,1
A101640_2025-09-30,A101640,2025-09-30,55,8000,6112.53,0.7641,2,0,0,0,0,0,0,,0
A102177_2026-02-28,A102177,2026-02-28,24,500,0.00,0.0000,2,0,0,1,0,1,0,,0
A100152_2025-11-30,A100152,2025-11-30,59,1500,1177.45,0.7850,0,0,0,0,0,0,0,,0
A100374_2025-06-30,A100374,2025-06-30,107,5000,2866.50,0.5733,3,0,0,0,0,0,0,,0
A101284_2026-05-31,A101284,2026-05-31,73,2500,805.78,0.3223,3,0,0,0,0,0,0,,0
A101545_2025-01-31,A101545,2025-01-31,116,8000,571.10,0.0714,0,0,0,0,0,0,0,,0
A102476_2025-02-28,A102476,2025-02-28,97,5000,2431.24,0.4862,1,0,0,0,0,0,0,,0
A101837_2026-03-31,A101837,2026-03-31,80,500,422.60,0.8452,1,0,0,0,0,0,0,,0
A100891_2026-05-31,A100891,2026-05-31,60,5000,4922.82,0.9846,3,0,0,0,1,0,0,,0
A100726_2025-09-30,A100726,2025-09-30,99,500,240.23,0.4805,3,0,0,0,0,0,0,,0
A101338_2025-11-30,A101338,2025-11-30,77,8000,5689.67,0.7112,3,0,0,0,0,0,0,,0
A100941_2025-01-31,A100941,2025-01-31,40,500,499.08,0.9982,0,0,0,0,1,0,0,,0
A101580_2026-05-31,A101580,2026-05-31,50,2500,0.00,0.0000,1,0,0,0,0,0,1,2026-08-19,1
A101401_2025-06-30,A101401,2025-06-30,53,1000,744.30,0.7443,0,0,0,0,0,0,0,,0
A102081_2025-11-30,A102081,2025-11-30,98,1000,722.39,0.7224,3,0,0,0,0,0,0,,0
A102171_2026-05-31,A102171,2026-05-31,58,8000,3004.65,0.3756,1,0,0,0,0,0,0,,0
A101150_2025-07-31,A101150,2025-07-31,7,5000,4640.53,0.9281,2,0,0,0,1,0,0,,0
A100804_2025-02-28,A100804,2025-02-28,75,500,339.22,0.6784,3,0,0,0,0,0,0,,0
A100035_2026-06-30,A100035,2026-06-30,54,5000,1707.04,0.3414,1,0,0,1,0,1,1,2026-08-01,1
A100652_2026-02-28,A100652,2026-02-28,74,1000,446.12,0.4461,3,0,0,0,0,0,0,,0
A100152_2025-04-30,A100152,2025-04-30,39,1500,517.98,0.3453,1,0,0,0,0,0,0,,0
A101296_2025-12-31,A101296,2025-12-31,101,8000,8056.67,1.0071,1,0,0,0,1,0,0,,0
A100429_2025-05-31,A100429,2025-05-31,109,500,226.77,0.4535,2,0,0,0,0,0,0,,0
A101677_2025-02-28,A101677,2025-02-28,120,500,377.22,0.7544,2,0,0,0,0,0,0,,0
A101856_2025-11-30,A101856,2025-11-30,66,5000,1933.96,0.3868,3,0,0,0,0,0,0,,0
A102306_2025-12-31,A102306,2025-12-31,45,1500,460.14,0.3068,3,0,0,0,0,0,0,,0
A100769_2026-05-31,A100769,2026-05-31,29,1500,1214.88,0.8099,1,0,0,0,0,0,0,,0
A100906_2026-05-31,A100906,2026-05-31,30,5000,3819.76,0.7640,2,0,0,0,0,0,0,,0
A101144_2026-02-28,A101144,2026-02-28,120,2500,1194.88,0.4780,3,1,0,1,0,1,0,,0
A101234_2026-06-30,A101234,2026-06-30,63,5000,765.92,0.1532,0,0,0,0,0,0,0,,0
A102043_2025-09-30,A102043,2025-09-30,64,1500,694.24,0.4628,1,0,0,0,0,0,0,,0
A102270_2025-03-31,A102270,2025-03-31,16,5000,4743.78,0.9488,0,0,0,0,1,0,0,,0
A101868_2026-02-28,A101868,2026-02-28,14,5000,2078.11,0.4156,0,0,0,0,0,0,0,,0
A101035_2026-04-30,A101035,2026-04-30,65,500,414.70,0.8294,0,0,0,0,0,0,0,,0
A100369_2025-05-31,A100369,2025-05-31,72,5000,2625.94,0.5252,0,0,0,0,0,0,0,,0
A101566_2025-08-31,A101566,2025-08-31,97,500,70.24,0.1405,0,0,0,0,0,0,0,,0
A101865_2025-12-31,A101865,2025-12-31,60,5000,4277.72,0.8555,2,0,0,1,0,1,0,,0
A101641_2025-06-30,A101641,2025-06-30,60,1000,573.52,0.5735,0,0,0,0,0,0,0,,0
A100294_2025-03-31,A100294,2025-03-31,18,8000,5957.95,0.7447,1,0,0,0,0,0,0,,0
A101354_2026-03-31,A101354,2026-03-31,5,5000,1142.62,0.2285,3,0,0,0,0,0,0,,0
A100128_2025-09-30,A100128,2025-09-30,27,5000,4576.49,0.9153,2,1,0,0,1,1,0,,0
A100345_2026-03-31,A100345,2026-03-31,67,500,497.39,0.9948,2,1,0,1,1,1,0,,0
A102061_2025-10-31,A102061,2025-10-31,77,500,203.06,0.4061,1,0,0,0,0,0,0,,0
A101757_2025-05-31,A101757,2025-05-31,42,5000,1988.55,0.3977,2,0,0,0,0,0,0,,0
A100477_2026-04-30,A100477,2026-04-30,84,500,346.28,0.6926,1,0,0,0,0,0,0,,0
A102228_2025-04-30,A102228,2025-04-30,41,2500,856.78,0.3427,3,0,0,0,0,0,0,,0
A100085_2025-07-31,A100085,2025-07-31,117,2500,2083.68,0.8335,2,0,0,0,0,0,0,,0
A101228_2025-02-28,A101228,2025-02-28,83,8000,3234.89,0.4044,1,0,0,0,0,0,0,,0
A100386_2025-11-30,A100386,2025-11-30,22,8000,8000.71,1.0001,2,0,0,0,1,0,1,2026-02-19,1
A100221_2025-11-30,A100221,2025-11-30,103,8000,6728.16,0.8410,3,0,0,0,0,0,0,,0
A102231_2025-02-28,A102231,2025-02-28,119,1000,807.98,0.8080,1,0,0,0,0,0,0,,0
A101633_2025-03-31,A101633,2025-03-31,58,5000,3013.78,0.6028,0,0,0,0,0,0,1,2025-04-24,1
A100323_2025-02-28,A100323,2025-02-28,95,500,251.15,0.5023,3,0,0,0,0,0,0,,0
A101176_2026-04-30,A101176,2026-04-30,88,5000,1590.59,0.3181,3,0,0,0,0,0,0,,0
A100529_2026-01-31,A100529,2026-01-31,10,1000,208.03,0.2080,3,0,0,0,0,0,0,,0
A101787_2025-04-30,A101787,2025-04-30,19,8000,285.35,0.0357,1,0,0,0,0,0,0,,0
A100758_2026-05-31,A100758,2026-05-31,51,5000,1778.44,0.3557,3,0,0,0,0,0,0,,0
A102102_2026-03-31,A102102,2026-03-31,1,500,68.95,0.1379,3,0,0,0,0,0,0,,0
A101731_2025-03-31,A101731,2025-03-31,115,2500,1400.12,0.5600,2,0,0,0,0,0,0,,0
A102145_2026-06-30,A102145,2026-06-30,25,1500,577.03,0.3847,0,0,0,0,0,0,0,,0
